temperature,humidity,gas,flame,label
24.5,46.99,125,0,Normal
33.13,58.75,227,0,Warning
32.17,41.19,723,0,Warning
32.89,37.18,300,0,Normal
23.1,56.62,167,0,Normal
23.2,78.47,329,0,Normal
33.44,61.98,230,0,Normal
40.75,26.14,532,0,Warning
40.31,54.17,335,0,Warning
26.78,57.53,151,0,Normal
36.53,49.13,442,0,Warning
23.59,51.02,86,0,Normal
31.63,56.96,290,0,Normal
17.37,42.24,98,0,Normal
37.34,38.2,564,0,Warning
50.68,37.49,743,1,Critical
27.97,47.76,121,0,Normal
53.12,48.83,1023,0,Critical
36.37,44.85,516,0,Warning
27.44,53.28,208,0,Normal
26.32,66.56,202,0,Normal
35.75,31.45,594,0,Warning
25.55,62.62,161,0,Normal
35.21,61.14,203,0,Normal
44.55,36.82,718,0,Critical
30.01,49.14,299,0,Normal
51.15,52.0,804,1,Critical
22.95,52.58,97,0,Normal
40.76,43.51,833,0,Critical
23.88,45.09,252,0,Normal
36.82,30.68,363,0,Warning
28.84,40.64,227,0,Normal
62.14,33.33,814,1,Critical
47.71,35.6,870,1,Critical
45.5,23.5,707,0,Warning
41.94,40.37,382,0,Warning
49.38,25.94,935,0,Critical
51.67,19.7,1011,1,Critical
45.47,49.76,908,1,Critical
47.82,27.02,459,0,Warning
48.71,8.0,998,1,Critical
44.73,30.99,630,1,Critical
28.72,52.41,110,0,Normal
32.53,55.43,130,0,Normal
34.35,69.03,186,0,Normal
54.83,38.38,854,1,Critical
52.26,28.07,757,1,Critical
60.69,23.89,717,0,Critical
35.66,48.27,382,0,Warning
26.4,29.77,343,0,Warning
57.92,35.05,836,1,Critical
47.23,39.49,476,1,Critical
37.62,50.9,319,0,Warning
40.81,28.13,408,0,Warning
27.06,53.63,237,0,Normal
40.71,65.63,312,0,Warning
29.08,69.61,241,0,Normal
26.37,59.06,228,0,Normal
34.46,63.79,356,0,Warning
35.38,21.41,313,0,Warning
50.47,62.25,453,0,Warning
63.37,34.33,544,1,Critical
62.04,45.79,471,1,Critical
47.62,20.86,991,1,Critical
26.38,51.58,141,0,Normal
33.14,33.9,483,0,Warning
47.24,44.28,653,1,Critical
43.63,46.6,518,0,Warning
50.14,25.34,738,1,Critical
57.73,11.61,735,0,Critical
31.53,42.66,513,0,Warning
22.22,50.57,190,0,Normal
34.51,54.8,189,0,Normal
28.18,55.17,235,0,Normal
24.08,57.76,116,0,Normal
42.16,36.72,358,0,Warning
29.81,58.51,169,0,Normal
36.58,42.28,395,0,Warning
37.37,45.97,324,0,Warning
59.13,33.72,723,1,Critical
36.46,29.11,529,1,Warning
41.25,49.64,340,0,Warning
39.91,53.34,731,0,Critical
29.13,51.31,243,0,Normal
41.82,31.43,374,0,Warning
32.04,52.4,88,0,Normal
29.55,39.73,241,0,Normal
37.34,71.68,236,0,Normal
51.9,25.7,655,1,Critical
56.74,17.91,767,1,Critical
60.33,28.43,612,1,Critical
31.42,53.78,163,0,Normal
30.93,47.44,108,0,Normal
30.38,61.65,102,0,Normal
25.66,65.26,341,0,Normal
54.9,43.34,445,0,Critical
46.25,42.81,506,0,Warning
61.69,19.14,696,1,Critical
30.37,69.07,225,0,Normal
25.76,51.08,153,0,Normal
25.54,75.12,299,0,Normal
39.96,42.7,745,0,Warning
37.56,68.65,665,0,Warning
57.68,40.57,899,0,Critical
25.17,53.46,176,0,Normal
38.0,25.0,186,0,Normal
28.79,35.03,144,0,Normal
34.44,81.59,121,0,Normal
52.74,31.56,609,1,Critical
37.84,52.45,222,0,Normal
40.1,67.25,110,0,Normal
24.62,61.98,105,0,Normal
56.68,23.09,871,1,Critical
28.54,51.57,93,0,Normal
36.73,34.55,242,0,Warning
52.44,40.48,622,0,Critical
36.33,35.63,466,0,Warning
39.37,59.83,685,0,Warning
23.49,59.77,134,0,Normal
35.81,44.15,619,0,Warning
20.94,56.85,234,0,Normal
28.64,50.98,276,0,Normal
62.34,41.92,721,1,Critical
26.35,55.49,206,0,Normal
39.9,26.68,310,0,Warning
48.94,40.49,811,1,Critical
45.72,32.57,602,0,Warning
46.47,23.01,726,1,Critical
38.38,43.8,469,0,Warning
37.75,59.19,545,0,Warning
44.67,31.94,836,0,Critical
45.8,29.84,360,0,Warning
36.85,43.3,518,0,Warning
28.46,47.32,221,0,Normal
61.8,43.16,781,1,Critical
62.17,24.15,655,1,Critical
57.32,31.72,665,1,Critical
41.77,46.53,961,1,Critical
21.86,46.17,201,0,Normal
28.14,58.39,261,0,Normal
51.25,35.1,654,1,Critical
54.54,44.75,753,1,Critical
55.31,19.67,1000,1,Critical
49.98,34.84,1023,1,Critical
57.64,39.42,628,1,Critical
40.81,47.57,601,0,Warning
28.23,44.01,477,0,Warning
55.82,34.44,747,1,Critical
26.07,44.61,360,0,Warning
46.59,28.29,593,1,Warning
27.11,44.06,73,0,Normal
45.95,44.52,821,0,Critical
48.5,33.2,920,1,Critical
46.67,24.84,1023,0,Critical
39.24,46.15,472,0,Warning
26.93,38.62,307,0,Normal
30.51,18.0,490,0,Warning
42.85,35.97,650,1,Warning
48.11,37.23,756,1,Critical
15.0,34.31,212,0,Normal
45.48,53.43,517,0,Warning
35.33,56.09,490,1,Warning
27.14,68.86,142,0,Normal
26.02,66.11,261,0,Normal
22.86,63.81,261,0,Normal
53.15,14.82,772,1,Critical
27.44,44.97,159,0,Normal
21.13,77.73,77,0,Normal
48.26,67.44,421,0,Warning
31.89,43.8,459,0,Warning
52.51,18.83,837,1,Critical
36.06,65.68,459,0,Warning
17.82,38.14,261,0,Warning
30.95,44.53,389,0,Warning
25.86,73.11,118,0,Normal
45.36,40.35,401,0,Warning
50.3,27.15,738,1,Critical
51.64,33.43,980,1,Critical
28.05,48.97,145,0,Normal
32.56,55.48,512,0,Warning
49.78,35.64,944,1,Critical
38.06,42.84,272,0,Warning
33.75,39.6,482,0,Warning
25.49,68.11,84,0,Normal
35.29,69.22,442,1,Warning
54.24,34.63,720,1,Critical
49.19,31.24,672,1,Critical
46.18,43.63,586,1,Critical
25.55,58.17,51,0,Normal
46.87,27.37,580,0,Warning
29.5,76.02,172,0,Normal
46.86,26.28,804,1,Critical
55.48,25.61,880,1,Critical
49.06,27.49,724,1,Critical
32.16,36.13,387,0,Warning
33.32,68.67,176,0,Normal
18.0,56.53,79,0,Normal
28.32,35.89,261,0,Warning
54.81,23.99,685,1,Critical
52.97,9.22,881,0,Critical
51.47,48.67,984,1,Critical
28.36,70.33,213,0,Normal
38.85,49.63,663,0,Warning
62.74,41.92,731,0,Critical
38.93,25.25,660,0,Warning
42.86,39.61,436,0,Warning
46.15,20.86,616,0,Warning
39.34,35.13,706,1,Critical
44.94,31.1,799,0,Critical
28.59,73.2,178,0,Normal
46.89,41.48,588,0,Warning
38.16,53.21,0,0,Normal
59.46,28.15,877,1,Critical
38.56,35.07,533,0,Warning
44.75,32.36,696,0,Critical
44.6,18.0,510,1,Warning
47.58,24.25,507,1,Critical
23.74,44.46,159,0,Normal
42.35,27.09,613,1,Critical
28.36,55.12,103,0,Normal
31.68,71.05,195,0,Normal
21.76,52.65,97,0,Normal
55.36,16.47,811,1,Critical
34.64,68.54,421,0,Warning
29.31,70.88,264,0,Normal
35.99,35.36,287,0,Warning
33.88,45.9,456,1,Warning
32.67,22.65,583,0,Warning
25.51,49.19,269,0,Normal
39.94,42.5,432,1,Warning
22.59,63.03,213,0,Normal
53.74,25.46,864,1,Critical
24.49,42.72,146,0,Normal
46.52,31.35,769,0,Critical
21.15,63.44,284,0,Normal
40.26,44.5,408,0,Warning
37.37,41.21,500,0,Warning
26.02,72.51,108,0,Normal
35.18,49.77,565,1,Warning
53.71,23.89,1008,1,Critical
27.14,54.05,135,0,Normal
19.25,52.12,102,0,Normal
51.95,23.26,777,0,Critical
48.83,28.07,769,1,Critical
24.76,60.66,174,0,Normal
32.47,32.64,500,0,Warning
37.05,40.81,534,0,Warning
30.98,52.35,199,0,Normal
46.93,52.58,540,0,Warning
50.41,37.64,836,1,Critical
56.21,30.76,506,1,Critical
57.41,31.9,803,1,Critical
29.15,67.29,209,0,Normal
28.32,61.25,169,0,Normal
42.59,55.68,548,0,Warning
26.12,57.45,203,0,Normal
53.47,22.81,525,0,Critical
39.05,52.94,407,0,Warning
30.21,67.83,147,0,Normal
25.35,52.88,278,0,Normal
25.18,50.23,81,0,Normal
37.46,60.55,509,0,Warning
37.6,26.94,537,0,Warning
45.51,32.4,508,1,Critical
23.76,63.02,77,0,Normal
41.12,35.11,259,0,Warning
33.1,50.49,530,0,Warning
31.49,41.57,424,1,Warning
39.98,39.53,345,0,Warning
27.63,65.97,278,0,Normal
36.53,55.74,207,0,Normal
27.39,41.79,245,0,Normal
59.59,32.08,794,1,Critical
27.26,54.63,199,0,Normal
34.77,41.66,406,0,Warning
40.49,30.56,462,0,Warning
26.91,40.52,131,0,Normal
40.66,41.66,430,0,Warning
60.64,29.45,761,0,Critical
27.73,50.02,106,0,Normal
43.64,37.08,756,0,Critical
58.96,33.2,797,0,Critical
27.23,50.27,211,0,Normal
22.51,47.65,189,0,Normal
28.13,82.74,155,0,Normal
48.16,14.67,637,1,Critical
30.55,51.55,222,0,Normal
33.48,36.01,588,0,Warning
37.82,32.58,337,0,Warning
35.14,59.11,149,0,Normal
28.47,66.13,161,0,Normal
34.64,26.94,403,0,Warning
38.21,60.58,339,0,Warning
40.17,43.94,355,0,Warning
37.44,24.52,261,0,Warning
27.71,29.4,102,0,Normal
32.81,55.76,565,0,Warning
38.37,43.16,352,0,Warning
51.07,52.67,936,0,Critical
22.4,60.77,127,0,Normal
29.54,52.68,282,0,Normal
25.37,61.83,20,0,Normal
43.08,60.8,501,0,Warning
29.78,39.15,176,0,Normal
48.35,67.21,266,0,Warning
47.96,39.18,938,1,Critical
47.36,19.71,1023,0,Critical
39.34,38.23,368,0,Warning
27.21,60.58,133,0,Normal
43.3,48.31,484,0,Warning
52.2,27.13,310,0,Warning
47.1,11.89,890,1,Critical
35.3,41.05,581,0,Warning
54.96,36.74,770,1,Critical
28.3,70.11,174,0,Normal
26.56,49.6,223,0,Normal
31.95,44.35,434,0,Warning
37.93,28.06,498,0,Warning
52.11,26.32,635,1,Critical
55.03,38.24,799,1,Critical
64.58,38.57,1023,1,Critical
62.41,25.65,921,1,Critical
34.56,48.82,389,0,Warning
40.13,48.25,557,0,Warning
31.36,59.9,159,0,Normal
25.35,75.36,183,0,Normal
41.03,33.11,386,0,Warning
24.83,54.4,167,0,Normal
52.16,32.88,964,1,Critical
60.62,39.42,977,0,Critical
50.08,23.39,816,1,Critical
25.86,62.64,125,0,Normal
52.34,26.76,747,0,Critical
29.53,56.14,168,0,Normal
26.32,47.84,157,0,Normal
27.15,62.31,326,0,Normal
31.4,61.93,203,0,Normal
25.77,59.03,126,0,Normal
45.68,37.21,806,1,Critical
23.29,44.97,202,0,Normal
58.42,23.66,681,1,Critical
44.94,26.38,908,1,Critical
18.48,42.77,239,0,Normal
44.93,38.1,548,0,Warning
44.62,25.43,400,1,Critical
54.11,27.48,930,1,Critical
45.06,18.06,804,1,Critical
26.92,47.28,390,0,Warning
41.63,36.12,383,0,Warning
42.21,49.21,411,0,Warning
38.7,55.18,474,0,Warning
46.33,34.81,852,1,Critical
25.5,48.99,101,0,Normal
25.99,43.57,175,0,Normal
51.49,22.34,766,1,Critical
36.58,40.41,174,0,Normal
38.26,21.27,520,0,Warning
28.47,50.08,101,0,Normal
28.46,48.14,204,0,Normal
33.79,33.13,531,0,Warning
24.62,63.61,165,0,Normal
29.66,85.21,380,0,Normal
53.29,29.99,640,1,Critical
35.36,56.31,505,0,Warning
30.14,68.01,287,0,Normal
35.08,46.58,460,0,Warning
29.13,51.62,176,0,Normal
28.57,68.45,224,0,Normal
24.91,65.82,253,0,Normal
56.34,38.31,1001,1,Critical
42.66,30.95,450,1,Critical
39.82,38.58,468,1,Critical
30.36,70.25,147,0,Normal
40.02,45.36,498,0,Warning
34.9,38.7,468,0,Warning
41.53,35.39,453,0,Critical
39.0,25.15,355,0,Warning
26.02,70.32,120,0,Normal
31.18,63.94,135,0,Normal
45.11,33.77,950,1,Critical
54.12,32.15,739,1,Critical
61.76,35.41,1023,1,Critical
34.0,46.11,339,0,Warning
31.44,51.17,520,0,Warning
20.75,65.69,185,0,Normal
20.73,72.5,213,0,Normal
46.81,45.8,818,1,Critical
25.81,58.37,184,0,Normal
33.73,64.53,113,0,Normal
52.0,18.0,293,0,Warning
18.14,62.04,207,0,Normal
65.44,46.92,676,1,Critical
46.16,39.06,505,0,Warning
31.28,41.58,287,0,Normal
29.67,57.16,105,0,Normal
32.19,55.53,487,0,Warning
27.58,59.82,149,0,Normal
24.97,49.96,72,0,Normal
65.42,39.61,746,1,Critical
35.96,59.77,477,0,Warning
23.35,65.77,176,0,Normal
60.03,27.7,655,1,Critical
26.19,53.07,235,0,Normal
39.96,30.42,716,0,Warning
40.55,35.26,818,1,Critical
26.61,26.68,486,0,Warning
36.0,42.07,444,0,Warning
28.55,67.15,0,0,Normal
31.47,62.4,226,0,Normal
31.44,66.91,581,0,Warning
20.6,64.96,225,0,Normal
37.12,41.72,285,1,Warning
37.89,44.72,495,0,Warning
29.25,62.54,127,0,Normal
21.07,58.65,380,0,Normal
55.15,20.12,705,1,Critical
20.09,41.84,152,0,Normal
62.21,35.07,645,1,Critical
43.89,16.96,619,1,Critical
40.4,34.51,589,0,Warning
41.79,70.12,536,0,Warning
35.72,52.17,456,0,Warning
41.36,62.11,479,0,Warning
23.83,70.25,213,0,Normal
44.2,46.58,231,0,Warning
45.43,36.41,691,1,Critical
19.9,65.3,262,0,Normal
27.95,51.73,68,0,Normal
58.67,35.19,454,1,Critical
18.0,54.47,143,0,Normal
31.28,71.48,406,0,Normal
48.52,8.87,904,0,Critical
28.1,53.24,342,0,Warning
33.65,42.77,292,0,Warning
30.1,43.58,392,0,Warning
32.79,47.38,383,0,Warning
34.53,32.6,437,0,Warning
35.33,27.45,687,1,Critical
27.64,42.28,75,0,Normal
42.59,32.31,621,0,Warning
41.68,31.85,877,1,Critical
28.83,61.77,97,0,Normal
37.33,57.59,604,0,Warning
36.01,23.15,427,0,Warning
19.89,49.11,118,0,Normal
26.05,54.24,143,0,Normal
44.25,58.83,301,0,Warning
60.09,15.11,487,1,Critical
27.97,39.27,161,0,Normal
26.68,43.89,219,0,Normal
36.23,50.19,419,0,Warning
65.16,30.32,602,1,Critical
52.32,28.65,965,0,Critical
26.27,54.52,158,0,Normal
65.22,17.22,649,1,Critical
25.42,81.41,140,0,Normal
36.2,50.1,482,0,Warning
35.01,46.48,425,0,Warning
56.29,39.92,673,1,Critical
28.01,54.64,187,0,Normal
33.96,68.78,198,0,Normal
20.18,32.81,91,0,Normal
29.04,48.11,63,0,Normal
40.4,54.44,376,0,Warning
38.79,24.99,487,0,Warning
45.69,37.05,946,1,Critical
42.8,33.68,371,0,Warning
70.57,25.65,880,1,Critical
50.22,36.81,513,0,Critical
52.83,37.28,639,0,Critical
41.63,46.22,662,0,Warning
39.54,25.38,180,0,Warning
28.34,84.23,60,0,Normal
33.24,44.79,388,0,Warning
43.41,42.03,384,0,Warning
35.3,56.91,549,0,Warning
45.39,48.01,449,0,Warning
43.95,39.36,407,1,Warning
23.31,66.47,224,0,Normal
24.22,45.24,52,0,Normal
48.38,34.13,634,1,Critical
49.31,30.74,622,0,Critical
26.33,62.1,166,0,Normal
55.71,13.64,857,1,Critical
49.88,15.36,643,1,Critical
47.66,33.33,1023,1,Critical
33.12,51.03,158,0,Normal
29.66,45.65,254,0,Warning
30.66,79.71,160,0,Normal
28.68,67.74,199,0,Normal
31.27,48.52,377,0,Normal
20.46,45.81,259,0,Normal
18.0,57.91,145,0,Normal
33.51,27.79,266,0,Warning
31.99,63.91,362,0,Normal
62.76,30.11,540,1,Critical
25.99,69.76,82,0,Normal
23.71,59.36,113,0,Normal
26.83,53.2,284,0,Normal
63.1,26.57,858,0,Critical
46.08,36.06,872,1,Critical
48.86,9.71,646,1,Critical
22.94,54.35,250,0,Normal
55.63,14.99,769,1,Critical
24.45,57.15,0,0,Normal
27.89,45.85,204,0,Normal
25.49,41.7,171,0,Normal
28.11,69.76,173,0,Normal
35.04,71.96,342,0,Normal
34.4,54.21,570,0,Warning
54.4,46.99,760,0,Critical
34.85,51.25,407,0,Warning
31.26,42.57,282,0,Warning
30.07,40.85,318,0,Normal
25.66,58.88,225,0,Normal
32.21,89.62,177,0,Normal
41.36,51.3,632,0,Warning
21.21,50.44,239,0,Normal
22.16,49.67,0,0,Normal
55.5,34.17,442,1,Critical
62.27,33.65,802,1,Critical
60.43,42.91,567,0,Critical
29.46,67.91,244,0,Normal
35.45,61.04,361,0,Warning
37.72,63.24,574,0,Warning
31.68,41.68,163,0,Normal
49.64,38.08,1006,0,Critical
36.93,58.23,229,1,Warning
52.13,34.81,685,1,Critical
45.55,18.41,555,0,Critical
33.94,56.82,712,0,Warning
48.06,40.45,257,0,Normal
48.39,31.73,827,1,Critical
27.61,54.56,332,0,Normal
59.81,18.96,743,1,Critical
57.45,25.63,899,1,Critical
28.81,51.53,305,0,Normal
62.91,44.25,749,1,Critical
42.26,44.53,411,0,Warning
53.36,37.95,932,1,Critical
35.26,58.94,398,0,Warning
34.92,39.41,411,0,Warning
30.0,71.25,91,0,Normal
65.27,9.17,692,1,Critical
52.12,24.44,508,0,Critical
53.29,8.0,895,1,Critical
49.79,28.89,942,1,Critical
62.94,27.12,718,1,Critical
49.03,25.15,463,1,Critical
22.29,29.42,204,0,Normal
38.0,20.23,517,0,Warning
33.17,31.86,349,0,Warning
61.17,20.31,961,1,Critical
29.86,56.99,197,0,Normal
28.64,46.17,387,0,Warning
32.91,49.94,265,0,Normal
52.93,47.01,661,1,Critical
43.79,30.03,731,1,Critical
39.75,38.33,475,1,Critical
43.53,22.33,392,0,Warning
49.08,39.02,747,1,Critical
58.36,33.85,657,1,Critical
40.43,41.97,379,0,Warning
40.19,48.37,545,0,Warning
26.66,71.15,111,0,Normal
59.7,30.6,936,1,Critical
50.33,41.04,400,1,Critical
32.97,36.97,574,0,Warning
44.33,45.08,354,0,Warning
47.13,24.08,684,1,Critical
47.03,29.02,818,0,Critical
51.59,25.47,627,1,Critical
51.76,23.41,1023,1,Critical
41.43,61.44,586,0,Warning
15.0,55.73,174,0,Normal
51.59,46.48,603,1,Critical
34.09,51.8,209,0,Normal
58.25,43.36,657,1,Critical
44.4,47.77,350,0,Warning
50.61,32.48,896,0,Critical
31.91,51.6,68,0,Normal
42.44,39.81,660,1,Critical
26.26,62.76,20,0,Normal
51.24,41.56,849,0,Critical
23.35,69.25,139,0,Normal
45.49,20.48,311,0,Warning
61.86,38.13,498,1,Critical
42.51,72.47,469,0,Warning
22.02,47.11,380,0,Normal
53.2,24.59,882,0,Critical
64.98,31.17,823,1,Critical
20.07,61.28,234,0,Normal
41.36,61.19,554,0,Warning
60.46,30.42,473,1,Critical
50.89,8.0,780,1,Critical
25.54,57.24,327,0,Normal
40.72,34.95,391,0,Warning
45.9,44.72,458,0,Warning
30.9,61.63,20,0,Normal
36.82,69.1,549,0,Warning
30.79,37.18,283,0,Normal
53.9,56.45,898,1,Critical
25.97,47.32,162,0,Normal
45.54,36.74,765,0,Critical
51.7,41.14,736,1,Critical
44.25,23.69,530,1,Critical
22.42,71.7,95,0,Normal
34.56,42.49,484,0,Warning
41.69,18.57,772,1,Critical
49.35,48.25,888,0,Critical
31.82,51.35,91,0,Normal
59.96,12.27,977,1,Critical
26.59,54.86,154,0,Normal
27.79,44.16,277,0,Normal
52.15,25.71,708,1,Critical
33.99,46.99,389,0,Warning
36.2,64.55,51,0,Normal
34.19,40.7,263,0,Normal
23.16,50.33,212,0,Normal
21.71,76.35,179,0,Normal
32.53,53.36,486,0,Warning
38.38,54.91,571,0,Warning
24.92,55.66,101,0,Normal
39.16,42.75,438,0,Warning
40.88,27.75,789,0,Critical
54.39,39.17,656,1,Critical
28.99,69.72,210,0,Normal
20.73,70.58,236,0,Normal
31.48,52.2,571,0,Warning
32.32,46.08,163,0,Normal
23.81,70.72,201,0,Normal
27.97,67.47,206,0,Normal
22.75,44.07,207,0,Normal
43.78,15.79,524,1,Critical
44.07,40.53,423,0,Warning
26.19,60.54,287,0,Normal
24.38,38.6,166,0,Normal
49.7,29.88,641,1,Critical
44.24,34.94,743,1,Critical
46.55,33.12,720,1,Critical
57.57,31.29,800,1,Critical
44.32,38.55,284,0,Warning
36.49,53.9,301,0,Warning
35.49,51.84,634,0,Warning
45.15,8.0,1023,0,Critical
47.74,18.86,924,1,Critical
36.66,51.34,406,0,Warning
49.58,17.83,1023,1,Critical
28.52,52.47,195,0,Normal
46.24,34.87,726,1,Critical
48.49,26.09,991,1,Critical
25.8,65.39,179,0,Normal
65.1,25.61,966,1,Critical
39.69,32.01,402,0,Warning
27.13,69.65,30,0,Normal
35.63,42.41,531,0,Warning
47.65,32.94,628,0,Critical
26.36,76.99,228,0,Normal
32.15,68.49,119,0,Normal
24.4,49.87,97,0,Normal
29.17,56.3,203,0,Normal
29.53,65.28,212,0,Normal
51.46,16.46,746,1,Critical
23.95,66.48,145,0,Normal
50.54,42.71,419,1,Warning
31.34,29.34,594,0,Warning
20.74,55.88,204,0,Normal
40.27,27.37,418,0,Warning
51.21,29.27,696,1,Critical
32.28,62.69,214,0,Normal
55.2,35.41,535,0,Critical
23.42,74.95,172,0,Normal
27.32,64.01,181,0,Normal
19.87,45.78,164,0,Normal
30.7,46.49,572,0,Warning
29.49,49.93,676,1,Warning
37.3,50.66,678,0,Warning
23.53,65.1,106,0,Normal
60.03,34.87,851,1,Critical
43.01,23.7,504,0,Warning
35.94,37.41,486,1,Warning
25.65,61.35,236,0,Normal
28.75,59.38,128,0,Normal
38.91,30.53,958,1,Critical
53.79,18.92,851,1,Critical
50.37,34.17,479,1,Critical
22.91,38.9,290,0,Normal
29.97,58.52,552,0,Warning
55.3,36.08,765,1,Critical
41.84,44.51,663,1,Critical
66.63,28.56,979,0,Critical
57.33,33.99,530,1,Critical
21.12,63.31,287,0,Normal
29.25,41.75,270,1,Warning
38.26,50.03,436,0,Warning
34.24,40.27,225,0,Warning
28.72,60.78,181,1,Normal
24.83,54.21,156,0,Normal
36.31,60.6,180,0,Warning
25.81,65.24,20,0,Normal
43.41,41.15,566,0,Critical
44.74,49.82,1023,1,Critical
52.0,69.27,509,0,Warning
39.65,36.77,456,0,Warning
48.72,22.64,959,1,Critical
49.23,32.73,745,0,Critical
42.81,38.32,405,0,Warning
25.85,54.19,461,0,Normal
54.54,14.99,963,1,Critical
54.3,23.48,1010,1,Critical
61.87,16.56,731,1,Critical
26.83,67.32,105,0,Normal
27.88,70.19,198,0,Normal
38.18,28.67,794,1,Critical
48.45,18.0,300,0,Warning
43.86,50.5,557,0,Warning
51.36,30.1,823,1,Critical
24.39,46.92,230,0,Normal
30.32,47.98,223,0,Normal
45.55,40.4,430,0,Warning
40.56,28.66,699,1,Critical
27.6,60.16,194,0,Normal
28.35,36.39,255,0,Normal
54.03,20.29,704,0,Critical
44.79,37.66,363,0,Warning
53.73,24.07,783,1,Critical
24.84,66.88,58,0,Normal
26.62,66.02,223,0,Normal
35.29,35.2,422,0,Warning
47.24,58.24,422,0,Warning
47.66,32.35,565,1,Critical
32.1,52.53,270,0,Normal
52.55,20.74,680,1,Critical
31.18,80.66,144,0,Normal
60.15,22.73,865,1,Critical
45.6,22.78,845,1,Critical
30.96,54.52,244,0,Normal
31.86,84.53,220,0,Normal
32.5,50.68,425,0,Warning
33.29,59.14,239,0,Normal
36.72,46.92,591,0,Warning
29.65,58.14,273,0,Normal
45.22,14.61,774,1,Critical
59.1,46.02,333,1,Critical
43.35,28.57,380,0,Critical
31.09,52.06,296,0,Warning
29.16,65.58,291,0,Normal
24.3,78.19,267,0,Normal
27.53,60.08,234,0,Normal
67.09,27.48,761,1,Critical
35.01,49.31,361,0,Warning
47.93,45.4,850,0,Critical
46.46,23.48,646,0,Critical
36.89,28.6,753,1,Critical
66.77,40.96,850,0,Critical
19.97,63.82,131,0,Normal
38.24,50.19,467,0,Warning
31.34,65.15,512,0,Warning
54.82,41.26,769,1,Critical
33.42,23.49,608,0,Warning
59.34,30.92,837,1,Critical
31.0,61.32,237,0,Normal
30.24,50.9,97,0,Normal
46.88,45.16,396,0,Warning
48.75,33.39,1023,1,Critical
23.32,52.77,351,0,Normal
22.06,64.1,138,0,Normal
31.51,32.98,399,0,Warning
43.14,44.05,594,0,Warning
39.37,69.65,436,0,Warning
39.26,59.81,486,0,Warning
23.01,55.99,104,0,Normal
29.19,51.06,329,0,Warning
26.18,48.84,215,0,Normal
55.8,46.91,923,0,Critical
55.74,31.17,457,1,Critical
31.1,48.71,206,0,Normal
33.42,46.07,169,0,Normal
15.0,56.6,209,0,Normal
41.5,27.32,820,1,Critical
42.27,26.78,506,0,Warning
34.51,50.53,462,0,Warning
41.95,24.18,619,1,Critical
44.63,23.67,551,0,Warning
51.58,31.31,936,0,Critical
36.69,40.58,191,0,Warning
48.25,43.18,671,1,Critical
30.22,55.89,95,0,Normal
32.98,69.69,538,0,Warning
22.87,53.76,110,0,Normal
37.74,38.32,458,1,Warning
34.79,30.3,542,1,Warning
54.26,19.89,588,1,Critical
27.69,68.55,102,0,Normal
43.67,35.67,877,1,Critical
38.38,52.76,379,0,Warning
27.87,65.69,159,0,Normal
65.51,24.07,579,1,Critical
48.06,41.0,895,0,Critical
27.91,48.02,53,0,Normal
36.83,50.52,280,1,Warning
26.15,66.26,270,0,Normal
35.9,55.67,432,0,Warning
36.41,70.63,323,0,Normal
31.1,38.23,194,0,Warning
46.22,31.73,456,1,Critical
39.08,45.62,590,0,Warning
43.15,26.74,684,1,Critical
28.82,58.68,127,0,Normal
50.99,33.27,879,1,Critical
34.01,54.31,211,0,Normal
19.01,46.16,227,0,Normal
25.35,56.71,82,0,Normal
26.3,53.95,270,0,Normal
55.22,32.34,723,1,Critical
41.78,47.79,330,0,Warning
47.19,47.27,405,0,Warning
61.67,22.62,663,1,Critical
46.76,34.84,685,1,Critical
32.79,44.98,519,0,Warning
28.91,77.89,126,0,Normal
45.53,37.5,315,1,Critical
34.03,60.19,447,0,Warning
50.54,38.5,671,1,Critical
39.2,43.45,630,0,Warning
27.71,90.0,136,0,Normal
28.66,38.7,264,0,Normal
28.19,42.13,107,0,Normal
59.66,26.04,713,1,Critical
59.86,18.59,750,1,Critical
72.08,41.22,859,1,Critical
41.8,41.87,430,0,Warning
30.39,64.98,200,0,Normal
45.66,57.34,891,1,Critical
53.63,24.74,680,0,Critical
30.12,42.45,554,0,Warning
41.72,8.0,788,1,Critical
25.6,50.63,210,0,Normal
32.46,38.83,527,1,Warning
36.98,37.07,500,1,Warning
60.53,37.03,678,1,Critical
29.33,67.24,173,0,Normal
34.73,44.13,579,0,Warning
25.48,64.64,103,0,Normal
24.03,53.24,176,0,Normal
45.24,37.83,908,1,Critical
38.39,28.63,455,1,Warning
58.08,24.12,837,1,Critical
54.07,32.05,855,1,Critical
43.68,23.87,829,1,Critical
34.07,38.69,360,0,Warning
26.8,51.54,120,0,Normal
26.91,74.6,115,0,Normal
47.84,29.96,831,1,Critical
41.18,23.49,469,0,Warning
26.38,61.2,258,0,Normal
21.51,50.7,130,0,Normal
24.38,51.86,212,0,Normal
52.93,46.26,583,1,Critical
38.46,42.73,436,0,Warning
39.99,42.06,518,0,Warning
52.01,47.54,806,0,Critical
35.13,40.0,709,0,Warning
49.46,58.46,825,1,Critical
46.66,35.18,813,1,Critical
43.61,55.77,383,0,Warning
28.38,58.19,284,0,Normal
46.22,28.38,316,0,Warning
35.79,62.65,458,0,Warning
59.31,30.76,597,1,Critical
46.4,59.43,652,0,Warning
25.82,71.99,156,0,Normal
29.58,68.46,155,0,Normal
46.23,21.97,436,1,Critical
50.94,37.77,560,1,Critical
45.6,52.19,662,0,Warning
46.21,49.27,580,0,Warning
25.65,59.69,187,0,Normal
24.19,71.79,176,0,Normal
25.0,47.66,214,0,Normal
32.08,63.04,626,0,Warning
18.32,66.71,304,0,Normal
41.82,35.14,402,1,Warning
48.17,26.06,801,1,Critical
24.25,37.11,124,0,Normal
46.68,48.52,256,0,Warning
53.95,28.28,833,1,Critical
40.03,34.75,1023,0,Critical
24.91,59.02,200,0,Normal
63.1,51.14,931,1,Critical
32.66,56.45,289,0,Warning
46.9,32.48,725,0,Critical
32.11,59.8,416,0,Warning
35.29,42.65,509,0,Warning
44.43,48.51,763,1,Critical
37.81,46.41,559,0,Warning
33.44,19.33,538,1,Warning
58.77,39.09,968,1,Critical
44.8,14.52,543,1,Critical
53.67,38.83,621,1,Critical
28.77,83.28,91,0,Normal
43.36,30.51,677,1,Critical
48.5,33.92,955,1,Critical
42.81,33.68,704,0,Warning
72.63,45.08,542,1,Critical
21.89,57.12,116,0,Normal
41.31,37.45,180,1,Warning
25.69,75.07,123,0,Normal
42.2,54.55,458,0,Warning
66.78,25.39,800,1,Critical
18.0,76.84,228,0,Normal
28.32,70.77,104,0,Normal
33.7,66.16,236,0,Warning
36.17,51.64,607,0,Warning
58.93,36.21,980,0,Critical
36.86,67.49,409,0,Warning
49.14,25.18,804,1,Critical
51.24,23.09,659,0,Critical
47.83,27.25,904,1,Critical
29.57,70.29,297,0,Normal
49.48,18.88,753,1,Critical
26.58,58.49,223,0,Normal
19.49,85.97,369,0,Normal
26.89,54.26,170,0,Normal
59.89,44.15,692,1,Critical
46.7,22.13,944,0,Critical
47.14,20.82,860,1,Critical
51.36,51.22,700,1,Critical
25.27,62.67,221,0,Normal
36.24,52.95,98,0,Normal
30.43,68.98,127,0,Normal
52.22,36.3,504,0,Critical
31.01,53.99,244,0,Warning
29.19,45.47,66,0,Normal
38.83,28.64,389,0,Warning
21.71,45.31,60,0,Normal
52.03,43.46,898,0,Critical
43.98,22.84,618,1,Critical
38.0,63.72,221,0,Normal
64.49,46.18,688,1,Critical
36.9,33.96,404,0,Warning
62.86,39.34,729,0,Critical
42.11,27.95,1015,1,Critical
29.03,53.47,208,0,Normal
31.31,63.31,143,0,Normal
33.07,63.76,90,0,Normal
33.17,50.46,334,0,Warning
36.03,46.83,392,0,Warning
15.0,59.18,72,0,Normal
30.19,56.45,636,0,Warning
36.2,38.43,220,1,Warning
61.77,22.56,858,1,Critical
21.88,48.58,72,0,Normal
65.04,37.31,849,1,Critical
24.87,72.43,118,0,Normal
26.48,59.29,317,0,Normal
22.27,47.49,119,0,Normal
42.05,38.74,410,0,Warning
54.29,42.17,742,0,Critical
40.97,53.77,369,1,Warning
20.65,71.17,194,0,Normal
24.89,44.66,170,0,Normal
36.47,28.61,757,1,Critical
30.09,61.06,70,0,Normal
57.33,47.38,597,1,Critical
47.84,55.98,870,1,Critical
26.37,69.19,246,0,Normal
26.13,47.14,314,0,Normal
39.5,36.02,421,0,Warning
36.23,43.16,649,0,Warning
31.16,25.04,315,0,Warning
28.92,65.55,260,0,Normal
23.62,57.66,296,0,Normal
18.0,57.63,135,0,Normal
41.8,57.31,414,0,Warning
42.53,48.4,452,0,Warning
29.93,32.72,457,0,Warning
35.2,33.6,664,0,Warning
49.32,17.12,831,1,Critical
35.57,34.17,577,1,Critical
33.25,51.42,203,0,Normal
24.88,58.39,175,0,Normal
53.71,28.29,785,1,Critical
52.82,51.06,313,0,Warning
31.96,22.4,511,0,Warning
32.67,45.38,482,0,Warning
32.58,75.82,486,0,Warning
36.44,41.24,287,0,Normal
46.55,41.98,1023,1,Critical
53.59,43.67,684,1,Critical
28.16,67.88,152,0,Normal
29.6,25.13,176,0,Normal
50.9,27.83,1007,1,Critical
43.92,41.46,355,0,Warning
59.81,33.84,1023,0,Critical
52.78,38.37,794,1,Critical
41.08,64.37,314,0,Warning
31.19,28.19,438,1,Warning
39.22,46.75,584,0,Warning
29.47,71.18,487,0,Warning
47.43,30.41,765,1,Critical
64.56,46.21,737,1,Critical
23.62,73.87,101,0,Normal
53.71,33.26,805,1,Critical
39.79,27.56,694,1,Critical
33.85,51.11,236,0,Warning
56.79,40.83,856,1,Critical
56.61,41.91,548,1,Critical
36.54,33.45,346,0,Warning
36.24,36.53,423,0,Warning
65.18,19.92,712,0,Critical
35.67,47.85,522,0,Warning
44.41,32.48,808,1,Critical
46.67,32.15,786,1,Critical
47.85,41.03,419,0,Warning
33.31,60.23,364,0,Warning
23.38,43.4,188,0,Normal
48.1,28.32,967,1,Critical
49.67,44.73,798,1,Critical
57.87,32.78,594,1,Critical
61.32,41.21,905,1,Critical
43.04,32.7,808,1,Critical
26.28,62.72,298,0,Normal
48.29,32.76,853,1,Critical
15.9,53.93,275,1,Warning
30.93,52.98,113,0,Normal
36.33,53.06,413,0,Warning
59.06,23.56,671,0,Critical
51.92,41.5,533,1,Critical
33.31,62.74,310,0,Normal
31.15,39.26,331,0,Warning
58.7,28.11,711,1,Critical
40.97,41.43,368,1,Warning
56.17,23.18,862,1,Critical
32.0,41.89,948,1,Critical
32.62,56.99,546,0,Critical
30.73,62.98,162,0,Normal
37.99,46.53,461,0,Warning
33.82,68.03,177,0,Normal
18.57,45.62,146,0,Normal
35.84,43.95,597,0,Warning
37.57,66.53,483,0,Warning
36.35,38.41,464,0,Warning
34.15,48.16,726,1,Warning
26.82,59.7,314,0,Normal
27.9,53.23,161,0,Normal
32.51,32.03,458,0,Warning
20.3,54.87,235,0,Normal
36.95,47.41,449,0,Warning
53.57,13.96,620,1,Critical
38.58,41.59,514,0,Warning
19.93,73.19,253,0,Normal
33.23,31.08,478,1,Warning
36.0,52.64,453,0,Warning
41.98,29.94,463,0,Warning
43.45,52.88,180,0,Warning
46.42,22.31,861,1,Critical
40.3,31.65,506,0,Warning
22.35,68.44,24,0,Normal
25.37,37.15,84,0,Normal
32.46,72.15,89,0,Normal
21.49,67.03,119,0,Normal
36.13,43.45,502,0,Warning
18.61,64.72,134,0,Normal
33.93,35.28,131,0,Normal
56.82,32.77,746,1,Critical
29.77,40.8,561,0,Warning
32.57,43.4,579,0,Warning
30.74,73.61,96,0,Normal
26.81,50.61,119,0,Normal
29.97,31.56,376,0,Warning
52.74,28.75,670,1,Critical
53.33,25.26,1023,1,Critical
22.79,59.26,79,0,Normal
66.73,29.35,470,1,Critical
42.25,41.68,401,1,Warning
32.82,80.1,199,0,Normal
26.63,50.78,205,0,Normal
49.86,47.87,674,1,Critical
33.93,22.48,368,0,Warning
21.69,75.1,131,0,Normal
50.28,14.77,583,1,Critical
26.33,55.88,309,0,Normal
29.96,42.56,204,0,Normal
43.04,36.63,522,0,Warning
41.79,29.27,862,1,Critical
30.27,49.7,193,0,Normal
32.22,44.58,207,0,Normal
54.96,37.32,710,1,Critical
38.04,29.15,254,0,Warning
40.83,61.22,438,0,Warning
57.69,32.85,859,1,Critical
31.76,36.37,137,0,Normal
52.8,14.84,845,0,Critical
40.25,29.9,820,1,Critical
26.48,76.52,249,0,Normal
26.59,68.9,259,0,Normal
27.14,74.79,205,0,Normal
29.55,59.09,222,0,Normal
56.59,31.67,748,1,Critical
21.53,49.7,157,0,Normal
34.15,61.57,575,0,Warning
64.0,28.15,925,1,Critical
35.3,58.68,365,0,Warning
24.11,44.06,185,0,Normal
31.08,27.88,473,0,Warning
44.74,40.53,486,1,Critical
42.95,48.6,542,0,Warning
42.83,27.68,840,1,Critical
27.95,44.54,155,0,Normal
35.58,77.73,297,0,Warning
31.85,60.4,332,0,Normal
32.45,71.98,281,0,Normal
30.42,67.43,252,0,Normal
59.56,18.74,754,1,Critical
32.68,38.85,472,0,Warning
24.02,50.74,236,0,Normal
39.28,24.25,683,1,Critical
23.67,63.07,167,0,Normal
63.33,37.44,548,0,Critical
29.23,50.21,184,0,Normal
32.02,41.87,349,0,Warning
26.42,72.59,175,0,Normal
26.98,59.89,278,0,Normal
35.06,44.45,640,0,Warning
30.28,55.65,143,0,Normal
53.2,18.01,1014,0,Critical
54.73,14.43,792,1,Critical
51.05,41.73,558,1,Critical
42.99,37.98,678,0,Warning
36.06,40.57,357,0,Warning
67.32,24.56,673,1,Critical
34.39,62.86,120,0,Normal
26.11,28.73,178,0,Normal
28.8,56.63,193,0,Normal
45.52,8.97,946,1,Critical
34.14,48.88,580,0,Warning
41.1,40.14,536,0,Warning
31.02,40.68,300,0,Warning
30.31,51.27,283,0,Normal
54.18,56.59,803,1,Critical
46.1,28.57,640,1,Critical
21.22,67.71,253,0,Normal
33.47,75.59,186,0,Normal
31.86,26.49,402,0,Warning
51.32,27.71,920,1,Critical
31.7,55.39,21,0,Normal
33.04,32.73,295,1,Warning
58.75,47.86,797,1,Critical
38.15,43.93,469,0,Warning
40.22,50.29,494,1,Warning
30.29,59.43,477,0,Warning
56.71,38.8,797,0,Critical
59.67,53.56,475,1,Critical
47.44,46.15,392,0,Warning
36.99,48.65,420,0,Warning
33.15,75.06,171,0,Normal
60.43,35.39,789,0,Critical
47.65,27.88,605,1,Critical
35.48,19.34,894,1,Critical
49.39,43.67,744,1,Critical
33.84,43.54,363,0,Warning
37.76,48.71,327,0,Warning
37.65,78.0,520,1,Warning
51.23,29.17,1016,1,Critical
48.58,33.94,782,1,Critical
31.46,36.78,575,0,Warning
18.0,64.65,130,0,Normal
26.4,69.95,207,0,Normal
54.01,37.32,675,1,Critical
38.67,60.33,541,0,Warning
42.69,33.56,574,0,Warning
22.97,65.37,161,0,Normal
36.6,37.5,562,0,Warning
48.83,22.82,642,1,Critical
28.99,53.34,305,0,Normal
35.55,61.61,600,0,Warning
26.16,59.85,134,0,Normal
62.68,24.96,756,1,Critical
53.72,32.17,803,0,Critical
46.65,39.97,706,1,Critical
48.18,15.11,630,0,Critical
45.91,31.08,709,0,Critical
32.94,44.71,657,0,Warning
44.18,52.84,253,0,Warning
38.09,55.86,728,0,Warning
25.77,46.67,198,0,Normal
37.02,63.23,464,0,Warning
46.27,29.76,707,1,Critical
50.53,39.84,752,1,Critical
23.06,69.77,198,0,Normal
50.74,28.28,1023,1,Critical
36.66,40.99,310,0,Warning
57.76,43.26,757,1,Critical
38.74,50.27,600,0,Warning
38.87,31.56,617,1,Critical
28.26,62.36,232,0,Normal
35.63,69.18,560,0,Warning
63.78,38.52,535,0,Critical
35.04,64.67,180,0,Warning
32.16,53.23,302,0,Normal
38.98,54.74,354,0,Warning
53.54,29.86,755,0,Critical
26.81,47.62,339,0,Normal
43.18,48.66,394,0,Warning
29.79,56.64,66,0,Normal
30.67,47.91,207,0,Normal
27.94,57.16,234,0,Normal
25.98,87.93,144,0,Normal
31.02,48.17,585,0,Warning
32.38,39.14,669,0,Warning
22.01,58.54,154,0,Normal
36.3,45.06,984,0,Critical
56.93,52.7,863,1,Critical
58.78,22.16,796,1,Critical
67.26,25.58,734,1,Critical
28.21,49.34,293,0,Normal
32.0,20.2,406,1,Critical
24.2,84.57,181,0,Normal
58.55,19.39,767,1,Critical
50.62,24.65,871,0,Critical
37.4,37.66,454,0,Warning
45.6,36.63,762,1,Critical
22.12,57.27,131,0,Normal
31.53,70.79,122,0,Normal
37.21,49.86,403,0,Warning
47.96,19.82,893,1,Critical
43.13,42.39,180,0,Warning
37.5,38.13,513,0,Warning
24.22,35.37,113,0,Normal
21.09,68.93,39,0,Normal
42.16,61.77,195,0,Warning
34.8,67.27,155,0,Normal
24.1,84.81,154,0,Normal
54.21,31.31,815,1,Critical
32.36,53.07,458,0,Warning
28.87,45.7,220,0,Normal
53.01,31.0,767,1,Critical
25.58,50.76,108,0,Normal
34.35,72.28,334,0,Normal
50.05,27.28,1009,1,Critical
26.39,26.78,276,0,Normal
58.19,40.21,897,1,Critical
24.29,67.22,178,0,Normal
34.4,30.98,509,1,Warning
52.09,35.6,400,1,Critical
35.34,51.91,375,0,Warning
45.22,44.43,492,0,Warning
47.31,35.51,621,1,Critical
48.94,36.29,942,1,Critical
58.46,23.48,800,0,Critical
32.44,67.63,346,1,Warning
31.34,48.29,155,0,Normal
26.77,51.5,201,0,Normal
35.51,41.42,364,1,Warning
52.13,25.85,739,1,Critical
51.06,29.95,844,1,Critical
45.74,24.98,333,0,Warning
34.48,21.44,468,1,Critical
36.68,43.4,76,0,Normal
28.78,33.96,552,0,Warning
44.39,52.44,333,0,Warning
38.46,47.55,616,1,Warning
28.64,54.01,207,0,Normal
15.0,76.05,0,0,Normal
40.39,44.36,504,0,Warning
37.68,38.5,818,1,Critical
39.03,62.86,334,0,Warning
45.95,34.47,665,0,Critical
19.68,61.08,213,0,Normal
33.31,60.41,405,1,Warning
25.87,47.9,332,0,Warning
36.23,39.93,363,0,Warning
40.86,46.09,262,0,Warning
45.14,65.22,285,1,Warning
40.71,37.21,699,0,Warning
48.19,19.91,414,0,Warning
45.27,36.25,880,1,Critical
43.31,52.72,457,0,Warning
29.39,67.24,148,0,Normal
25.77,66.99,116,0,Normal
47.96,44.62,247,0,Warning
51.1,26.73,711,1,Critical
60.41,21.07,658,1,Critical
27.52,65.73,89,0,Normal
46.28,24.51,257,0,Warning
36.93,50.8,354,0,Warning
21.87,71.26,177,0,Normal
27.69,67.92,161,0,Normal
42.97,40.77,444,1,Warning
49.68,29.76,812,1,Critical
32.78,53.17,129,0,Normal
55.82,28.21,1023,1,Critical
54.64,21.85,1023,0,Critical
46.1,12.86,729,1,Critical
45.51,38.97,777,1,Critical
33.04,56.9,167,0,Normal
34.97,28.76,366,0,Warning
39.27,44.29,460,0,Warning
35.8,50.07,566,0,Warning
28.08,39.04,123,0,Normal
28.81,61.97,259,0,Normal
37.7,43.6,312,0,Warning
57.55,34.31,663,1,Critical
48.59,31.75,696,1,Critical
37.32,55.27,647,0,Warning
49.91,16.3,775,1,Critical
44.52,40.18,1023,1,Critical
31.72,76.6,43,0,Normal
30.59,58.21,78,0,Normal
48.54,34.38,840,1,Critical
24.95,60.44,182,0,Normal
35.6,40.02,487,0,Warning
32.89,58.11,112,0,Normal
27.4,76.91,150,0,Normal
22.4,50.26,34,0,Normal
62.33,45.54,718,1,Critical
38.53,50.19,871,0,Critical
45.96,55.36,309,0,Warning
30.58,51.58,253,0,Normal
42.79,41.07,945,0,Critical
35.39,56.07,330,1,Warning
25.85,39.39,167,0,Normal
28.7,80.72,242,0,Normal
41.25,38.41,411,0,Warning
47.62,38.83,744,0,Critical
19.03,42.57,52,0,Normal
24.38,54.9,192,0,Normal
20.25,63.25,84,0,Normal
38.11,43.59,703,0,Warning
44.96,53.28,604,0,Warning
39.89,41.78,534,0,Warning
28.79,72.82,32,0,Normal
28.97,49.65,545,0,Warning
36.5,59.42,577,0,Warning
58.67,36.06,802,1,Critical
25.55,38.03,77,0,Normal
52.4,20.71,665,1,Critical
38.99,66.77,323,0,Warning
51.13,22.53,718,1,Critical
28.15,32.68,168,0,Normal
37.37,56.31,687,0,Warning
39.07,28.5,434,0,Warning
30.6,45.07,132,0,Normal
44.6,32.42,907,1,Critical
50.5,31.67,811,1,Critical
37.02,24.79,462,0,Warning
31.5,64.45,80,0,Normal
43.58,38.22,343,0,Warning
34.89,53.92,546,1,Warning
52.14,36.78,566,1,Critical
62.52,26.6,825,0,Critical
22.34,51.12,155,0,Normal
48.56,29.79,813,1,Critical
34.27,50.05,629,0,Warning
54.79,40.95,527,0,Critical
26.53,58.9,236,0,Normal
30.68,79.91,380,0,Normal
29.92,60.78,180,0,Normal
26.18,70.47,151,0,Normal
41.07,51.83,320,0,Warning
56.0,40.9,739,1,Critical
37.29,30.44,740,1,Critical
45.65,42.19,438,0,Warning
31.84,46.11,415,0,Warning
22.09,90.0,248,0,Normal
25.24,85.33,182,0,Normal
26.9,56.57,119,0,Normal
40.76,20.75,481,0,Warning
26.44,57.27,186,0,Normal
22.31,62.7,148,0,Normal
27.66,62.4,153,0,Normal
23.55,71.6,233,0,Normal
50.51,45.31,861,1,Critical
26.06,75.76,160,0,Normal
41.16,41.15,275,1,Warning
48.03,18.01,604,1,Critical
50.28,38.83,714,1,Critical
37.47,42.59,850,0,Critical
39.33,26.15,603,1,Critical
24.08,59.29,204,0,Normal
44.69,50.58,462,0,Warning
21.92,58.59,288,0,Warning
26.05,66.45,98,0,Normal
39.48,38.19,957,1,Critical
29.46,42.65,153,0,Normal
33.1,45.94,360,1,Warning
43.94,33.22,686,1,Critical
37.44,43.99,273,0,Warning
40.57,26.36,458,0,Warning
21.17,53.23,151,0,Normal
27.87,33.62,151,0,Normal
31.18,32.54,706,0,Warning
21.33,56.12,183,0,Normal
51.93,42.97,726,1,Critical
53.31,48.53,599,1,Critical
41.74,51.23,430,0,Warning
43.15,33.09,422,1,Critical
20.27,40.02,125,0,Normal
31.29,32.14,536,0,Warning
28.66,37.99,508,0,Warning
49.63,16.46,829,1,Critical
43.61,50.38,452,0,Warning
21.89,58.13,221,1,Normal
21.5,59.02,167,0,Normal
51.48,33.19,806,1,Critical
27.46,60.87,321,0,Normal
55.23,36.49,643,1,Critical
32.35,33.91,91,0,Normal
46.0,19.89,813,1,Critical
52.1,42.72,809,1,Critical
28.26,61.89,113,0,Normal
34.73,70.98,317,0,Warning
41.55,68.21,612,0,Warning
43.08,30.82,384,0,Warning
21.58,56.03,205,0,Normal
42.6,54.47,676,0,Warning
40.39,25.25,498,0,Warning
34.94,36.17,329,0,Warning
27.94,51.44,176,0,Normal
38.64,42.54,507,0,Critical
58.32,29.08,843,1,Critical
32.34,69.31,281,0,Normal
40.44,72.36,231,0,Warning
57.15,39.98,819,0,Critical
21.72,50.55,187,0,Normal
18.0,53.44,380,0,Normal
44.12,50.34,214,0,Warning
42.1,29.79,421,0,Warning
42.16,61.95,422,0,Warning
27.98,56.8,289,0,Normal
37.51,63.33,518,0,Warning
32.63,42.28,750,0,Warning
23.49,36.06,168,0,Normal
18.0,59.97,111,0,Normal
23.05,58.13,210,0,Normal
38.84,31.11,420,0,Warning
17.53,69.53,280,0,Normal
26.8,68.44,269,0,Normal
30.48,46.59,110,0,Normal
48.35,22.49,745,1,Critical
38.0,73.65,265,0,Normal
30.26,58.18,212,0,Normal
55.93,41.44,596,1,Critical
40.8,22.98,431,0,Warning
41.43,26.8,571,1,Critical
34.13,44.26,351,0,Warning
44.08,58.19,332,0,Warning
29.24,43.48,204,0,Normal
21.5,51.0,214,0,Normal
19.26,46.23,48,0,Normal
37.5,31.28,533,0,Warning
50.78,51.27,542,1,Critical
40.3,36.11,353,0,Warning
43.17,24.3,896,1,Critical
21.17,41.94,178,0,Normal
55.84,33.8,869,1,Critical
63.41,42.48,825,1,Critical
57.73,42.94,802,1,Critical
44.18,45.6,464,0,Warning
40.84,63.22,180,0,Warning
38.24,57.05,422,0,Warning
28.94,68.29,167,0,Normal
28.98,51.5,56,0,Normal
26.28,67.48,204,0,Normal
24.85,44.32,326,0,Normal
25.0,22.17,578,0,Warning
51.59,37.22,927,1,Critical
35.57,86.5,216,0,Normal
32.84,38.08,173,0,Normal
54.33,43.33,688,0,Critical
55.32,26.87,815,0,Critical
45.56,50.58,1023,0,Critical
30.3,48.59,193,0,Normal
21.15,44.16,112,0,Warning
24.86,67.26,147,0,Normal
39.03,47.2,335,0,Warning
29.22,74.47,196,1,Normal
54.22,12.43,1022,0,Critical
54.96,20.17,869,1,Critical
37.09,43.96,596,1,Critical
54.8,42.05,873,1,Critical
33.29,39.01,395,0,Warning
48.25,21.85,1023,1,Critical
26.3,58.49,263,0,Normal
33.35,85.28,197,0,Normal
51.4,23.75,906,1,Critical
31.93,38.23,604,0,Warning
41.57,41.82,462,0,Warning
28.74,62.02,173,0,Normal
31.81,24.35,537,0,Warning
31.43,50.3,175,0,Normal
23.24,76.12,203,0,Normal
38.17,65.13,266,0,Warning
26.24,48.32,206,0,Normal
46.06,39.48,915,1,Critical
23.28,53.89,79,0,Normal
38.43,31.61,439,0,Warning
37.22,31.58,671,0,Warning
35.07,47.33,313,0,Warning
38.33,46.75,598,0,Warning
40.05,54.49,277,0,Warning
55.63,31.56,757,0,Critical
28.89,51.59,196,0,Normal
33.69,28.59,470,0,Warning
27.47,30.69,108,0,Normal
40.91,24.28,243,0,Warning
31.79,43.83,60,0,Normal
47.01,42.86,930,1,Critical
28.16,53.52,263,0,Normal
37.77,47.21,449,0,Warning
37.09,45.03,546,0,Warning
30.0,62.89,247,0,Normal
50.56,22.5,929,1,Critical
29.61,73.21,172,0,Normal
30.01,61.41,138,0,Normal
22.67,65.94,134,0,Normal
35.01,45.78,185,0,Normal
34.15,40.79,485,0,Warning
37.56,39.69,481,0,Warning
40.77,54.79,450,0,Warning
30.7,30.91,567,0,Warning
23.5,71.55,0,0,Normal
51.45,43.47,731,0,Critical
36.01,47.86,558,0,Warning
30.85,67.03,132,0,Normal
69.06,27.71,630,1,Critical
20.08,63.95,161,0,Normal
32.88,28.69,444,0,Warning
35.98,53.1,501,0,Warning
38.07,35.96,409,0,Warning
60.4,33.71,868,1,Critical
34.34,55.65,162,0,Normal
37.09,42.86,384,0,Warning
45.02,36.42,519,0,Warning
31.68,38.08,300,0,Warning
60.1,28.03,692,1,Critical
25.99,70.69,131,1,Normal
34.65,48.15,545,0,Warning
24.62,75.55,148,0,Normal
41.07,30.25,348,0,Warning
24.78,37.37,137,0,Normal
28.85,72.14,101,0,Normal
42.6,54.66,393,0,Warning
25.74,60.92,101,0,Normal
41.07,52.44,214,0,Warning
25.9,81.08,99,0,Normal
29.96,48.59,219,0,Normal
23.87,53.77,195,0,Normal
40.87,39.29,414,0,Warning
39.23,48.44,427,0,Warning
38.71,59.13,287,0,Warning
46.44,21.09,563,1,Critical
22.29,60.38,234,0,Normal
49.04,33.35,901,1,Critical
32.01,66.99,293,0,Normal
60.74,50.73,938,1,Critical
32.33,39.84,508,0,Warning
36.31,54.79,517,1,Warning
46.43,37.96,704,1,Critical
43.23,32.05,797,1,Critical
28.05,50.15,205,0,Normal
41.71,41.18,425,0,Warning
33.75,42.84,646,0,Warning
44.12,56.57,359,0,Warning
43.31,43.67,383,0,Warning
43.2,44.64,252,1,Warning
50.23,15.62,1023,1,Critical
50.58,16.18,708,1,Critical
33.9,37.77,360,0,Warning
30.11,49.63,164,0,Normal
61.45,30.26,469,1,Critical
24.32,61.02,217,0,Normal
39.38,60.46,418,0,Warning
52.13,26.53,567,0,Warning
39.63,27.98,800,1,Critical
61.32,35.69,690,1,Critical
22.54,87.5,275,0,Normal
32.39,26.43,431,1,Warning
40.55,47.14,451,0,Warning
55.56,37.16,694,0,Critical
54.02,30.01,753,1,Critical
47.28,24.24,643,0,Critical
56.95,14.29,692,1,Critical
59.48,18.89,815,1,Critical
28.31,48.68,290,0,Normal
19.04,72.97,167,0,Normal
48.72,29.66,836,1,Critical
55.62,20.58,983,1,Critical
40.27,41.29,226,0,Warning
45.07,22.42,492,0,Warning
41.56,45.01,567,0,Warning
53.85,33.88,821,1,Critical
36.02,26.54,356,0,Warning
55.41,14.67,938,1,Critical
55.2,35.75,817,1,Critical
34.69,46.67,550,0,Warning
28.64,35.08,243,0,Normal
46.33,51.78,577,0,Warning
49.12,29.75,982,1,Critical
50.72,36.24,769,1,Critical
43.75,35.94,678,0,Warning
41.98,30.95,905,1,Critical
20.18,61.13,86,0,Normal
44.91,36.11,755,1,Critical
33.69,36.35,505,1,Warning
33.92,45.24,236,0,Warning
61.82,18.13,804,1,Critical
34.74,30.59,478,0,Warning
25.9,40.17,94,0,Normal
22.87,44.8,74,0,Normal
38.29,49.94,395,0,Warning
23.48,59.4,200,0,Normal
37.04,38.13,419,0,Warning
37.59,33.42,280,0,Warning
37.79,45.66,573,0,Warning
27.27,60.13,177,0,Normal
36.76,66.58,600,0,Warning
21.85,64.62,80,0,Normal
20.41,47.02,167,0,Normal
60.22,20.72,899,1,Critical
26.06,73.52,366,0,Normal
25.2,18.1,550,0,Warning
27.41,50.07,285,0,Normal
29.34,56.91,160,0,Normal
39.49,59.42,393,0,Warning
24.24,26.64,874,0,Warning
43.16,68.78,432,0,Warning
33.33,47.03,586,0,Warning
40.63,56.48,273,0,Warning
37.89,48.7,573,0,Warning
37.7,34.27,452,0,Warning
32.81,39.0,520,0,Warning
57.8,15.62,671,1,Critical
38.18,78.0,471,0,Warning
29.28,53.09,303,0,Normal
29.95,52.58,188,0,Normal
32.59,73.23,538,0,Warning
26.61,48.38,56,0,Normal
24.76,58.62,202,0,Normal
37.05,18.0,262,0,Warning
47.62,32.97,680,1,Critical
38.07,50.14,314,0,Warning
30.32,60.94,204,0,Normal
40.02,40.4,501,0,Warning
27.28,62.58,101,0,Normal
37.57,34.58,418,0,Warning
50.6,18.72,561,0,Critical
33.36,51.0,227,0,Normal
37.05,24.78,750,0,Warning
26.06,41.66,70,0,Normal
23.42,70.1,218,0,Normal
23.55,40.34,35,0,Normal
35.65,34.95,335,0,Normal
28.31,60.86,170,0,Normal
24.09,35.87,222,0,Normal
29.54,66.29,145,0,Normal
20.59,44.52,238,0,Normal
30.27,67.93,246,0,Normal
67.26,54.53,741,1,Critical
48.28,23.47,756,1,Critical
29.54,57.8,48,0,Normal
28.95,42.37,534,1,Warning
25.21,40.04,364,0,Warning
50.91,43.33,261,0,Warning
38.47,51.87,692,0,Warning
41.06,42.93,657,0,Warning
28.92,46.7,108,0,Normal
58.92,47.55,603,1,Critical
63.96,33.28,956,0,Critical
26.18,47.86,121,0,Normal
49.7,29.84,654,1,Critical
48.26,23.23,808,1,Critical
54.18,28.42,795,1,Critical
25.32,52.71,415,0,Warning
30.58,62.56,248,0,Normal
29.45,76.9,170,0,Normal
39.0,29.08,545,0,Warning
35.7,30.43,641,0,Warning
54.19,33.72,504,1,Critical
36.96,41.13,828,1,Critical
30.36,61.56,185,0,Normal
59.11,14.58,598,1,Critical
37.05,35.1,481,0,Warning
51.58,26.51,654,1,Critical
23.54,59.17,120,0,Normal
25.29,42.26,20,0,Normal
30.98,43.73,256,0,Normal
27.81,66.84,124,0,Normal
59.97,25.7,877,1,Critical
28.0,64.49,125,0,Normal
27.24,38.6,483,0,Warning
47.31,57.65,477,0,Warning
47.72,22.47,799,1,Critical
37.21,8.44,998,0,Critical
51.36,21.89,668,1,Critical
32.96,39.7,404,0,Warning
36.92,38.22,230,0,Warning
27.72,61.62,117,0,Normal
30.17,52.27,545,0,Warning
42.15,53.84,681,1,Warning
47.23,19.29,714,1,Critical
23.99,46.43,197,0,Normal
30.34,57.91,163,0,Normal
35.7,45.12,475,0,Warning
18.0,69.59,155,0,Normal
26.85,49.89,296,0,Normal
39.99,17.37,1023,1,Critical
49.45,32.0,828,1,Critical
54.54,43.53,615,1,Critical
28.46,45.46,275,0,Normal
38.58,15.27,868,1,Critical
36.65,32.59,508,1,Critical
70.4,25.31,818,1,Critical
35.13,56.47,426,0,Warning
28.45,60.54,112,0,Normal
39.69,49.69,207,0,Warning
51.19,45.54,994,1,Critical
41.69,63.64,21,0,Normal
58.93,27.64,887,1,Critical
39.9,50.22,369,0,Warning
55.35,19.41,917,1,Critical
35.92,42.89,199,0,Normal
47.39,41.94,625,1,Critical
44.45,39.62,223,0,Warning
27.53,68.36,95,0,Normal
24.69,50.05,125,0,Normal
68.57,17.31,701,0,Critical
37.02,33.69,551,0,Warning
48.1,41.71,653,1,Critical
41.71,42.09,467,0,Warning
70.76,11.71,763,1,Critical
34.28,64.54,112,0,Normal
56.21,36.6,479,1,Critical
54.29,39.96,924,1,Critical
41.87,31.04,230,0,Warning
35.36,67.06,242,0,Warning
36.16,39.43,662,0,Warning
29.85,62.09,98,0,Normal
32.3,43.74,29,0,Normal
29.68,63.82,27,0,Normal
36.94,43.63,849,1,Critical
41.13,51.35,612,1,Warning
63.97,25.46,1023,1,Critical
21.56,51.68,221,0,Normal
26.82,56.87,251,0,Normal
42.61,57.03,421,0,Warning
55.25,66.1,282,0,Warning
48.28,44.75,717,1,Critical
19.76,71.69,255,0,Normal
60.59,33.79,981,1,Critical
45.25,36.13,526,1,Critical
27.37,52.38,163,0,Normal
64.1,40.61,612,1,Critical
27.51,63.4,154,0,Normal
31.66,70.46,120,0,Normal
38.1,56.12,325,0,Warning
28.71,74.81,221,0,Normal
28.62,56.92,123,0,Normal
28.55,46.36,232,0,Normal
31.98,30.5,460,0,Warning
52.62,24.33,488,1,Critical
31.07,55.45,690,0,Warning
40.88,38.06,560,0,Warning
57.55,25.79,984,0,Critical
49.3,28.81,831,1,Critical
34.84,22.78,419,1,Warning
43.15,55.7,501,1,Warning
51.33,21.9,1013,1,Critical
25.0,56.12,438,0,Warning
51.25,35.63,604,1,Critical
54.86,24.12,867,1,Critical
37.78,45.5,455,0,Warning
22.57,44.98,64,0,Normal
26.24,90.0,137,0,Normal
56.13,31.86,1023,1,Critical
25.04,48.02,182,0,Normal
34.27,52.67,473,0,Warning
19.96,68.92,175,0,Normal
41.17,22.51,484,0,Warning
37.34,44.61,371,0,Warning
39.15,53.48,506,0,Warning
47.72,41.22,819,1,Critical
35.11,65.88,251,0,Warning
46.37,48.74,238,0,Warning
23.42,54.91,254,0,Normal
24.1,49.29,114,0,Normal
23.95,31.84,228,0,Normal
40.22,54.63,384,0,Warning
40.72,28.79,485,1,Warning
55.76,23.98,677,1,Critical
29.46,57.61,20,0,Normal
39.88,32.89,298,0,Warning
27.71,64.51,164,0,Normal
35.36,26.25,580,0,Warning
38.01,35.75,430,0,Warning
23.4,72.75,101,0,Normal
27.11,51.55,172,0,Normal
48.17,44.98,536,1,Critical
43.7,55.37,449,0,Warning
28.65,66.25,319,0,Normal
33.44,39.09,454,0,Warning
26.72,67.32,167,0,Normal
53.26,24.8,1004,0,Critical
22.61,64.92,75,0,Normal
25.5,57.34,281,0,Normal
27.71,54.75,227,0,Normal
37.92,19.15,249,0,Warning
28.76,90.0,183,0,Normal
37.77,46.54,305,0,Warning
55.58,19.44,913,1,Critical
41.01,30.73,576,0,Warning
34.26,47.8,628,0,Warning
53.79,9.33,855,1,Critical
49.88,33.04,569,1,Critical
34.38,38.6,532,0,Warning
50.04,19.99,866,1,Critical
22.41,52.61,274,0,Normal
43.44,47.6,378,0,Warning
31.73,63.22,151,0,Normal
22.86,56.96,168,0,Normal
36.98,59.8,516,0,Warning
40.27,36.07,459,1,Warning
25.66,66.76,210,0,Normal
59.02,30.3,498,1,Critical
30.3,64.37,243,0,Normal
28.53,58.75,281,0,Normal
53.26,30.64,861,1,Critical
40.38,38.47,528,0,Warning
32.16,61.04,404,0,Warning
26.99,56.14,115,0,Normal
41.3,52.86,424,0,Warning
57.52,33.36,874,1,Critical
29.35,73.09,270,0,Normal
35.97,49.75,569,0,Warning
57.45,34.46,893,1,Critical
41.83,43.41,400,0,Warning
33.04,43.85,359,0,Warning
34.35,64.75,348,0,Warning
42.74,78.0,627,0,Warning
41.21,43.02,351,0,Warning
27.56,32.13,0,0,Normal
47.16,40.37,185,0,Warning
49.89,33.72,961,1,Critical
31.1,41.84,394,0,Warning
47.86,46.24,396,0,Warning
47.68,39.57,812,1,Critical
61.88,34.95,559,1,Critical
50.56,24.37,810,1,Critical
44.29,25.09,725,1,Critical
53.45,30.73,824,1,Critical
47.73,16.31,1023,1,Critical
52.89,29.42,569,1,Critical
54.11,42.7,738,1,Critical
57.76,30.8,754,0,Critical
47.02,22.02,839,1,Critical
22.84,48.35,175,0,Normal
52.96,24.06,921,1,Critical
35.05,58.47,437,0,Warning
22.49,62.29,239,0,Normal
39.45,40.55,456,0,Warning
42.3,47.02,499,0,Warning
23.95,66.78,160,0,Normal
62.47,39.58,690,1,Critical
35.38,61.06,185,0,Normal
48.3,9.49,569,1,Critical
40.35,42.11,551,0,Warning
25.57,90.0,131,0,Normal
50.77,37.91,699,1,Critical
41.0,63.84,419,0,Warning
25.21,49.05,205,0,Normal
32.06,30.34,413,0,Warning
41.46,51.15,344,0,Warning
48.38,44.71,678,1,Critical
29.28,43.59,495,0,Warning
60.79,42.81,844,1,Critical
44.56,67.61,355,0,Warning
64.24,24.31,832,1,Critical
51.55,24.76,844,1,Critical
29.59,51.93,222,0,Normal
50.3,26.23,579,0,Critical
28.22,58.02,184,0,Normal
31.76,41.8,270,0,Normal
47.69,27.52,859,1,Critical
44.11,23.92,727,1,Critical
25.5,48.85,263,0,Normal
47.91,44.93,914,1,Critical
55.82,47.4,634,1,Critical
46.44,23.84,621,1,Critical
30.09,43.43,585,0,Warning
36.29,51.31,472,0,Warning
30.04,62.56,125,0,Normal
51.93,50.43,842,0,Critical
24.42,42.38,104,0,Normal
42.21,61.89,390,0,Warning
39.72,24.85,656,0,Warning
28.09,56.63,208,0,Normal
47.36,42.92,342,0,Warning
28.81,38.91,395,0,Warning
24.67,70.02,197,0,Normal
50.76,33.29,1023,1,Critical
25.39,57.57,150,0,Normal
28.37,44.18,239,0,Normal
48.75,17.11,825,1,Critical
37.68,40.51,239,0,Warning
46.55,43.41,972,1,Critical
32.24,59.23,115,0,Normal
43.76,53.32,340,0,Warning
51.21,34.35,730,1,Critical
45.23,31.03,954,1,Critical
46.56,39.73,905,0,Critical
40.11,33.08,522,0,Warning
40.98,58.91,468,0,Warning
36.56,45.09,637,1,Warning
37.46,43.57,398,0,Warning
45.7,51.11,435,0,Warning
24.23,64.51,27,0,Normal
56.07,27.26,830,1,Critical
33.36,46.93,225,0,Warning
26.65,48.78,160,0,Normal
21.33,80.11,107,0,Normal
24.15,61.67,273,0,Normal
45.17,20.15,816,1,Critical
49.45,24.33,947,1,Critical
29.72,59.52,321,0,Normal
32.36,33.04,618,0,Warning
31.45,53.35,126,0,Normal
33.67,54.76,96,0,Normal
58.54,24.0,685,1,Critical
58.06,48.63,770,0,Critical
39.36,41.88,351,0,Warning
25.51,74.28,186,0,Normal
26.54,66.25,223,0,Normal
54.79,22.38,660,1,Critical
40.43,63.66,535,0,Warning
47.41,32.44,1022,1,Critical
21.63,59.75,119,0,Normal
22.94,30.07,119,0,Normal
21.03,65.77,265,0,Normal
25.31,58.85,209,0,Normal
51.42,37.63,782,1,Critical
38.58,20.41,398,0,Warning
41.48,50.61,545,0,Warning
29.07,59.64,596,0,Warning
24.53,54.84,237,0,Normal
47.58,52.61,364,0,Warning
38.74,50.48,487,0,Warning
22.52,52.7,133,0,Normal
45.58,23.48,775,0,Critical
30.77,57.91,459,0,Warning
35.15,31.25,585,0,Warning
32.74,55.98,411,0,Warning
42.75,38.17,701,0,Warning
53.46,28.85,1002,1,Critical
66.34,23.84,733,0,Critical
50.44,29.35,927,1,Critical
32.95,52.43,188,0,Normal
60.54,26.42,911,1,Critical
42.9,44.25,927,1,Critical
37.5,34.45,776,1,Critical
36.11,26.66,717,1,Critical
23.29,57.88,0,0,Normal
21.49,74.42,50,0,Normal
57.61,25.3,598,1,Critical
27.84,49.46,182,0,Normal
53.96,40.74,848,0,Critical
25.99,50.55,144,0,Normal
36.34,59.74,672,0,Warning
29.76,64.08,177,0,Normal
29.98,73.94,300,0,Normal
57.95,27.12,852,1,Critical
54.86,15.27,753,1,Critical
35.95,41.87,450,0,Warning
57.35,28.6,755,1,Critical
35.61,30.98,229,0,Warning
17.08,51.24,381,0,Normal
26.04,33.55,164,0,Normal
29.54,38.1,382,0,Warning
39.06,27.13,672,1,Critical
65.71,23.44,763,0,Critical
32.89,49.43,479,1,Warning
36.26,41.97,514,0,Warning
40.61,45.67,253,0,Warning
56.21,33.26,1023,0,Critical
35.74,45.09,296,0,Warning
24.45,44.91,185,0,Normal
42.7,60.57,305,0,Warning
25.59,41.42,192,0,Normal
31.85,64.2,157,1,Normal
69.86,39.39,796,1,Critical
40.3,42.61,281,0,Warning
53.77,45.8,725,1,Critical
21.74,50.95,247,0,Normal
25.99,48.8,322,0,Normal
22.72,54.64,79,0,Normal
29.55,51.63,61,0,Normal
36.42,35.14,567,0,Warning
32.87,60.23,329,0,Normal
27.29,65.51,101,0,Normal
41.53,40.83,436,0,Warning
62.95,17.33,808,1,Critical
29.61,43.63,73,0,Normal
37.39,46.69,162,0,Normal
30.07,47.35,260,0,Normal
40.02,29.66,939,1,Critical
31.42,46.52,204,0,Normal
42.17,42.7,1023,0,Critical
29.81,39.34,549,1,Warning
41.98,66.88,452,0,Warning
21.29,44.5,179,0,Normal
23.4,63.06,239,0,Normal
46.18,40.34,359,0,Warning
32.87,32.86,394,0,Warning
43.87,53.21,945,1,Critical
52.92,29.92,717,1,Critical
36.5,37.6,390,1,Warning
23.14,74.92,92,0,Normal
37.29,52.96,490,0,Warning
47.94,37.68,698,1,Critical
20.23,75.64,225,0,Normal
41.76,16.64,791,1,Critical
43.22,40.1,953,0,Critical
37.87,23.32,413,0,Warning
48.09,22.8,980,0,Critical
64.18,19.64,705,1,Critical
42.63,21.77,482,0,Warning
56.96,31.17,993,0,Critical
28.41,41.8,361,0,Normal
60.05,16.11,813,1,Critical
41.8,16.34,1023,1,Critical
51.37,21.1,990,1,Critical
49.74,39.34,908,1,Critical
48.94,29.13,987,0,Critical
48.79,37.7,843,1,Critical
42.92,24.82,1019,1,Critical
28.45,60.73,148,0,Normal
53.39,18.18,942,0,Critical
51.52,33.19,400,1,Critical
36.09,51.9,421,0,Warning
27.19,53.13,335,0,Normal
59.9,18.69,817,1,Critical
33.33,75.89,359,0,Warning
44.15,45.04,308,0,Warning
62.44,40.39,623,1,Critical
33.9,44.96,498,1,Warning
51.7,26.2,780,1,Critical
25.15,51.8,242,0,Normal
36.45,52.23,550,0,Warning
40.98,33.48,527,0,Warning
64.91,28.48,926,1,Critical
61.32,28.58,1023,0,Critical
25.08,68.18,129,0,Normal
29.91,50.04,228,0,Normal
30.77,54.37,610,0,Warning
43.18,52.74,516,0,Warning
43.9,20.18,520,0,Warning
41.34,39.88,792,1,Critical
53.9,37.56,770,1,Critical
48.3,36.01,756,0,Critical
24.83,50.39,141,0,Normal
41.95,54.29,149,0,Normal
32.49,38.95,397,0,Warning
41.26,33.04,846,0,Critical
32.74,55.43,589,0,Warning
29.3,58.05,348,0,Normal
27.51,65.02,129,0,Normal
28.78,77.68,198,0,Normal
22.37,38.8,113,0,Normal
55.34,44.86,588,1,Critical
15.0,68.71,365,0,Normal
59.4,39.06,857,1,Critical
35.65,36.81,319,0,Warning
50.72,17.09,791,1,Critical
51.23,40.28,855,0,Critical
40.1,22.51,603,0,Warning
21.08,60.34,85,0,Normal
46.4,29.83,924,1,Critical
49.2,41.11,400,0,Warning
47.48,29.05,800,1,Critical
50.57,47.29,736,1,Critical
34.84,54.72,467,0,Warning
24.46,45.1,147,0,Normal
55.84,23.5,590,1,Critical
25.66,76.26,124,0,Normal
32.46,37.49,287,0,Normal
23.04,58.48,226,0,Normal
27.71,60.41,138,0,Normal
53.39,8.0,970,1,Critical
37.15,48.28,572,0,Warning
26.64,59.3,314,0,Normal
42.26,35.18,266,0,Warning
45.37,57.11,180,0,Warning
36.37,43.77,909,1,Critical
28.54,56.82,123,0,Normal
48.05,29.85,616,0,Critical
36.56,55.56,398,0,Warning
28.53,49.85,240,0,Normal
41.77,44.6,369,0,Warning
25.21,48.24,211,0,Normal
45.68,57.79,391,0,Warning
37.02,73.23,487,0,Warning
56.92,27.63,857,1,Critical
47.0,33.48,646,1,Critical
32.06,48.18,199,0,Normal
29.1,81.22,308,0,Normal
55.86,42.13,865,0,Critical
24.03,71.68,262,0,Normal
53.98,31.95,841,1,Critical
30.35,52.63,671,0,Warning
38.99,28.24,580,0,Warning
53.99,28.33,672,1,Critical
36.88,26.38,507,0,Warning
34.07,72.66,162,0,Normal
35.88,47.1,562,0,Warning
54.31,35.1,784,1,Critical
25.89,65.67,128,0,Normal
37.91,42.84,492,0,Warning
38.54,31.18,658,1,Critical
25.83,45.71,114,0,Normal
27.02,61.44,130,0,Normal
37.17,46.33,535,0,Warning
54.72,16.33,603,1,Critical
55.11,37.89,692,0,Critical
60.52,43.18,609,1,Critical
46.2,47.98,329,0,Warning
28.96,42.03,237,0,Normal
53.22,28.95,910,1,Critical
64.47,42.09,1022,1,Critical
33.81,51.34,545,0,Warning
49.92,30.31,1023,1,Critical
39.75,29.14,570,0,Warning
46.92,29.8,634,1,Critical
42.11,34.66,666,0,Critical
29.53,73.44,380,0,Normal
51.77,27.54,389,0,Warning
42.98,49.44,466,0,Warning
47.1,14.32,730,1,Critical
43.45,34.38,400,1,Critical
20.88,61.49,176,0,Normal
39.06,41.36,305,0,Warning
48.5,38.48,730,1,Critical
62.3,26.46,557,1,Critical
31.39,45.07,349,0,Warning
56.03,30.86,791,1,Critical
53.48,25.22,664,1,Critical
27.36,60.91,20,0,Normal
34.45,87.66,156,0,Normal
28.89,53.16,47,0,Normal
57.35,20.92,444,0,Critical
27.3,72.85,245,0,Normal
58.87,29.32,888,1,Critical
26.99,42.11,525,1,Warning
15.45,25.0,0,0,Normal
59.16,37.77,833,0,Critical
38.92,68.08,576,1,Warning
55.61,26.39,779,1,Critical
45.09,33.35,671,0,Warning
24.71,48.0,264,0,Normal
43.96,35.94,457,0,Warning
27.21,77.25,76,0,Normal
18.0,90.0,348,0,Normal
46.99,33.74,659,1,Critical
36.55,53.78,443,0,Warning
41.84,58.36,382,0,Warning
28.09,68.12,307,0,Normal
54.61,38.03,820,0,Critical
52.68,42.97,931,1,Critical
50.3,18.95,581,0,Critical
40.66,17.43,737,0,Critical
36.04,49.21,505,1,Warning
45.75,10.63,796,1,Critical
43.44,48.91,180,0,Warning
21.31,34.19,278,0,Normal
35.18,36.32,447,0,Warning
51.33,20.81,685,1,Critical
37.91,49.85,556,0,Warning
24.22,56.06,323,0,Normal
28.2,31.2,502,1,Warning
26.46,43.69,315,0,Normal
30.41,59.48,186,0,Normal
51.03,33.17,743,1,Critical
27.35,51.27,193,0,Normal
26.61,71.2,176,0,Normal
34.29,53.46,285,0,Warning
22.02,60.81,20,0,Normal
54.13,29.25,935,1,Critical
26.77,66.78,297,0,Normal
23.96,77.03,191,0,Normal
53.18,42.25,802,1,Critical
25.74,55.27,237,0,Normal
38.39,29.11,463,0,Warning
42.9,36.93,484,0,Warning
25.7,56.16,185,0,Normal
56.4,18.06,788,1,Critical
46.84,55.21,425,0,Warning
32.4,58.84,276,0,Normal
32.77,36.72,207,0,Normal
35.61,47.58,521,0,Warning
38.52,43.49,308,0,Warning
44.0,38.99,575,0,Warning
33.48,56.41,329,0,Normal
43.04,47.15,466,0,Warning
44.9,43.1,345,0,Warning
31.27,60.38,208,0,Normal
27.9,82.25,171,0,Normal
54.28,41.23,860,1,Critical
27.35,67.23,105,0,Normal
46.08,50.42,366,0,Warning
72.71,23.13,752,1,Critical
51.05,14.97,1023,1,Critical
22.31,37.85,216,0,Normal
36.92,41.9,180,0,Warning
27.03,67.0,235,0,Normal
60.93,25.22,1023,1,Critical
20.05,55.42,159,0,Normal
51.1,25.37,603,1,Critical
37.67,44.89,644,0,Critical
58.31,40.18,772,1,Critical
30.41,34.88,365,0,Warning
22.86,80.63,273,0,Normal
22.25,56.92,62,0,Normal
38.02,24.81,458,1,Warning
46.84,27.98,648,1,Critical
28.66,42.83,226,0,Normal
36.02,47.54,622,0,Warning
38.5,57.38,534,0,Warning
30.71,37.43,250,0,Normal
46.24,63.61,750,0,Warning
54.94,30.43,690,1,Critical
57.83,29.32,777,1,Critical
41.84,33.63,439,0,Warning
20.25,63.15,194,0,Normal
44.45,51.6,479,0,Warning
38.82,41.46,452,0,Warning
32.25,66.28,165,0,Normal
21.54,57.33,166,0,Normal
70.82,20.31,773,0,Critical
28.03,35.72,91,0,Normal
28.02,40.03,209,0,Normal
52.26,31.97,801,1,Critical
39.1,64.93,319,0,Warning
50.0,51.21,608,0,Critical
28.05,54.34,60,0,Normal
37.49,51.78,328,0,Warning
51.98,26.45,921,0,Critical
42.62,36.15,289,0,Warning
61.1,44.63,830,1,Critical
55.41,29.74,622,1,Critical
31.64,53.22,458,0,Warning
55.02,30.63,672,1,Critical
33.48,36.88,479,0,Warning
21.99,67.2,213,0,Normal
32.39,37.46,268,0,Normal
40.0,47.52,455,0,Warning
27.05,69.96,219,0,Normal
36.17,46.21,355,0,Warning
45.72,37.43,947,1,Critical
29.8,55.07,108,0,Normal
38.88,36.95,1002,1,Critical
56.3,41.14,686,1,Critical
28.87,39.43,20,0,Normal
42.55,38.73,649,0,Warning
49.3,34.22,400,1,Critical
40.3,18.0,618,0,Warning
44.3,24.09,1023,0,Critical
53.37,43.07,872,0,Critical
41.65,31.47,854,1,Critical
19.37,72.36,300,1,Normal
52.75,26.04,699,1,Critical
37.3,47.23,428,0,Warning
28.56,69.63,193,0,Normal
39.35,44.01,576,0,Warning
41.73,34.89,688,0,Warning
49.42,39.77,927,1,Critical
30.95,49.96,146,0,Normal
19.43,62.89,264,0,Normal
44.03,17.88,616,1,Critical
45.88,33.61,597,0,Critical
33.07,45.76,215,0,Normal
35.22,31.44,329,0,Warning
34.62,62.31,100,0,Normal
47.85,28.35,615,0,Critical
22.37,57.34,162,0,Normal
18.8,51.26,245,0,Normal
29.01,45.89,133,0,Normal
49.99,47.7,287,0,Warning
35.24,75.68,228,0,Normal
37.2,51.91,120,0,Normal
48.34,32.87,721,1,Critical
34.21,42.9,443,0,Warning
35.51,55.28,255,0,Normal
44.26,23.56,303,0,Warning
48.81,30.59,969,1,Critical
55.14,41.32,583,1,Critical
27.97,63.5,359,0,Normal
49.1,39.3,520,1,Critical
23.28,82.16,208,0,Normal
22.97,47.6,285,0,Normal
53.59,41.12,645,1,Critical
52.89,28.2,513,1,Critical
52.1,33.91,767,1,Critical
41.34,18.0,214,1,Warning
50.48,43.69,995,1,Critical
48.51,26.94,726,1,Critical
60.94,30.08,811,0,Critical
38.22,47.33,504,0,Warning
21.02,58.16,130,0,Normal
59.82,45.69,733,0,Critical
22.55,62.43,196,0,Normal
52.23,38.7,873,1,Critical
47.61,25.55,400,1,Critical
37.55,56.81,435,0,Warning
40.6,62.04,396,0,Warning
51.24,31.73,706,0,Critical
38.66,39.74,462,0,Warning
47.88,32.15,757,1,Critical
32.02,46.52,359,0,Warning
27.92,61.71,327,1,Normal
27.81,79.34,143,0,Normal
47.61,10.44,773,1,Critical
35.9,33.98,441,0,Warning
35.76,41.77,600,0,Warning
36.47,55.73,457,0,Warning
37.48,41.5,357,0,Warning
18.0,52.67,191,0,Normal
42.82,23.36,596,0,Critical
58.03,32.96,772,1,Critical
46.8,61.84,369,0,Warning
59.43,30.21,790,1,Critical
42.02,36.76,735,1,Critical
50.69,53.19,893,1,Critical
51.62,22.12,801,1,Critical
25.69,63.81,260,0,Normal
24.69,35.84,196,0,Normal
52.0,64.97,589,1,Warning
56.46,15.7,992,1,Critical
22.8,35.88,311,0,Warning
40.8,22.94,902,1,Critical
29.2,60.23,50,0,Normal
55.63,18.16,601,1,Critical
42.81,50.65,690,0,Warning
34.25,35.79,381,0,Warning
26.21,55.18,174,0,Normal
29.37,36.94,500,1,Warning
58.05,8.0,876,1,Critical
30.18,43.96,105,0,Normal
38.97,24.61,425,1,Warning
39.84,63.0,855,1,Critical
35.26,38.2,243,0,Warning
65.71,31.12,970,1,Critical
26.9,36.92,18,0,Normal
63.67,49.3,1023,0,Critical
28.17,86.68,58,0,Normal
25.64,90.0,210,0,Normal
47.28,18.74,725,1,Critical
32.09,71.62,211,0,Normal
55.8,43.84,842,1,Critical
56.16,47.59,896,1,Critical
35.54,46.45,452,1,Warning
34.4,57.91,516,0,Warning
29.98,39.4,158,0,Warning
20.58,73.12,154,0,Normal
18.01,61.49,286,0,Normal
69.53,35.0,894,0,Critical
31.29,60.33,315,0,Warning
25.37,55.9,31,0,Normal
33.88,35.01,129,0,Normal
27.48,52.93,91,0,Normal
29.63,54.82,147,0,Normal
23.7,65.33,210,0,Normal
31.97,36.14,208,0,Normal
24.26,50.28,179,0,Normal
53.97,39.75,869,1,Critical
48.71,45.9,531,0,Warning
38.89,35.42,574,0,Warning
45.37,47.46,784,0,Critical
30.87,46.71,101,0,Normal
44.28,44.88,382,0,Warning
31.09,39.08,453,0,Warning
36.41,64.68,696,1,Warning
51.98,33.65,886,1,Critical
25.07,71.92,505,0,Normal
33.9,35.55,319,0,Warning
33.05,44.96,570,0,Warning
40.62,43.59,391,0,Warning
27.85,55.64,210,0,Normal
27.98,52.36,168,0,Normal
22.1,63.7,183,0,Normal
32.07,29.87,411,0,Warning
31.54,42.41,377,0,Warning
38.37,62.36,431,0,Warning
55.39,41.25,715,1,Critical
40.66,50.99,372,1,Warning
46.76,35.3,628,1,Critical
57.63,31.53,721,1,Critical
57.98,24.65,860,1,Critical
37.07,32.13,234,0,Normal
60.17,25.95,868,1,Critical
36.11,47.48,230,0,Warning
29.57,50.09,462,1,Warning
43.5,23.04,833,1,Critical
35.34,60.49,311,0,Normal
35.88,54.21,485,0,Warning
23.15,88.38,145,0,Normal
21.86,56.7,230,0,Normal
69.77,14.95,926,1,Critical
47.07,31.5,825,1,Critical
36.34,54.25,359,1,Warning
33.12,54.34,285,0,Warning
24.77,60.53,136,0,Normal
43.86,21.97,550,1,Critical
36.5,28.8,424,0,Warning
28.76,60.05,151,0,Normal
43.85,27.88,531,0,Warning
35.92,51.73,245,0,Normal
27.31,72.23,88,0,Normal
38.93,44.22,363,0,Warning
49.68,37.56,443,1,Critical
42.01,56.04,511,0,Warning
40.13,45.5,326,0,Warning
30.78,53.35,432,0,Warning
37.9,18.0,675,0,Warning
45.92,27.92,573,0,Warning
55.64,59.01,673,0,Critical
41.6,20.71,760,1,Critical
18.57,58.47,194,0,Normal
35.57,62.85,254,0,Warning
31.46,54.89,109,0,Normal
48.54,28.82,876,0,Critical
38.59,47.97,340,0,Warning
42.02,34.64,873,1,Critical
40.2,32.55,472,0,Warning
28.53,60.46,121,0,Normal
35.21,58.6,513,1,Warning
26.34,69.64,362,0,Normal
55.72,17.39,737,1,Critical
40.81,52.42,295,0,Warning
36.17,38.89,720,0,Warning
36.78,60.11,226,1,Normal
31.89,68.48,133,0,Normal
38.62,38.26,374,0,Warning
25.46,38.72,201,0,Normal
36.02,18.0,407,0,Warning
48.93,55.14,641,0,Warning
50.37,36.8,775,1,Critical
53.05,29.56,549,1,Critical
43.76,18.26,411,0,Warning
28.26,51.71,69,0,Normal
28.82,57.69,145,0,Normal
27.05,71.19,171,0,Normal
25.92,50.12,270,0,Normal
30.59,31.39,240,0,Warning
30.71,82.01,269,0,Normal
20.64,70.82,56,0,Normal
27.12,38.49,300,0,Normal
30.25,49.77,671,0,Warning
31.98,63.84,44,0,Normal
24.08,70.86,217,0,Normal
36.39,77.15,275,0,Warning
30.25,63.73,237,0,Normal
56.24,17.78,970,1,Critical
35.38,62.55,402,0,Warning
44.11,20.54,735,1,Critical
38.21,64.5,363,0,Warning
23.39,70.0,256,0,Normal
46.69,31.31,761,1,Critical
36.55,56.99,467,0,Warning
40.9,26.17,690,1,Critical
36.78,51.72,320,0,Warning
45.26,32.64,0,1,Warning
52.07,37.55,566,0,Critical
21.79,53.49,221,0,Normal
57.33,29.7,939,1,Critical
56.42,33.78,664,1,Critical
63.19,20.51,536,0,Critical
39.96,44.86,504,0,Warning
62.84,37.99,830,1,Critical
25.08,57.55,180,0,Normal
34.02,50.3,620,0,Warning
49.99,57.77,490,0,Critical
60.39,9.31,810,0,Critical
40.58,57.15,610,0,Warning
59.71,45.11,820,1,Critical
41.36,38.85,464,0,Warning
28.72,60.69,272,0,Normal
35.17,45.1,434,0,Warning
39.02,50.56,308,0,Warning
42.18,26.24,412,0,Warning
32.92,44.13,501,0,Warning
34.19,67.83,265,0,Normal
23.45,82.13,40,0,Normal
32.34,64.59,94,0,Normal
29.04,40.81,621,0,Warning
52.94,15.44,436,1,Critical
27.38,38.11,275,0,Warning
39.11,23.61,390,0,Warning
46.2,41.28,702,1,Critical
51.75,41.65,628,1,Critical
52.69,36.72,821,1,Critical
50.76,29.66,556,0,Warning
29.19,65.53,245,0,Normal
39.74,27.62,442,0,Warning
16.86,84.81,53,0,Normal
44.58,26.52,658,0,Critical
27.66,24.8,560,0,Warning
26.5,52.45,51,0,Normal
53.52,20.73,691,0,Critical
33.41,72.55,326,0,Normal
43.65,35.29,519,0,Warning
37.55,18.0,476,0,Warning
37.29,40.04,530,0,Warning
41.64,14.82,816,0,Critical
27.31,78.92,207,0,Normal
27.47,39.31,460,0,Warning
22.99,57.49,160,0,Normal
38.6,35.23,326,0,Warning
51.16,32.72,927,1,Critical
32.61,60.68,446,0,Warning
60.26,29.09,825,1,Critical
37.64,53.51,234,0,Warning
41.24,27.76,569,0,Warning
57.07,28.23,877,0,Critical
45.17,18.32,745,1,Critical
40.11,36.01,487,0,Warning
61.59,45.41,973,0,Critical
39.68,52.63,308,0,Warning
47.45,45.39,601,1,Critical
28.02,56.44,20,0,Normal
27.24,67.06,380,0,Normal
57.39,45.48,989,1,Critical
67.96,28.61,691,1,Critical
32.47,44.69,101,0,Normal
28.31,41.12,228,0,Normal
37.67,54.57,450,0,Warning
24.58,49.43,236,0,Normal
35.33,34.51,528,0,Warning
32.93,65.91,88,0,Normal
37.96,44.12,389,0,Warning
24.64,52.6,306,0,Normal
49.63,19.01,758,1,Critical
47.12,41.29,821,1,Critical
54.45,30.02,727,1,Critical
21.45,58.68,157,0,Normal
35.87,38.14,559,0,Warning
27.01,51.21,96,0,Normal
27.52,78.48,23,0,Normal
27.81,62.72,253,0,Normal
39.89,29.36,653,0,Warning
55.39,9.33,935,1,Critical
52.07,26.06,769,1,Critical
50.11,33.19,786,1,Critical
43.9,42.93,455,0,Warning
27.06,55.43,339,0,Normal
29.5,48.7,190,0,Normal
41.69,38.75,622,0,Warning
44.17,20.45,733,1,Critical
53.04,34.12,1023,1,Critical
45.71,36.56,709,1,Critical
37.37,19.48,644,1,Critical
34.61,70.32,659,0,Warning
38.67,38.96,385,0,Warning
54.16,23.67,850,1,Critical
50.13,18.13,807,1,Critical
48.58,35.75,708,1,Critical
38.09,58.9,750,0,Warning
23.45,65.55,210,0,Normal
25.11,44.89,197,0,Normal
62.0,20.54,791,0,Critical
50.69,49.84,1023,1,Critical
15.56,58.86,287,0,Normal
51.76,26.57,793,1,Critical
46.56,42.42,985,1,Critical
34.33,36.41,473,0,Warning
28.02,57.49,178,0,Normal
37.24,34.23,489,1,Warning
39.12,30.98,405,0,Warning
34.05,49.28,515,0,Warning
59.04,46.25,743,1,Critical
30.77,53.56,242,0,Normal
48.4,19.48,502,1,Critical
29.39,55.06,426,0,Warning
52.93,23.83,830,1,Critical
45.47,46.41,504,1,Critical
65.9,26.77,763,1,Critical
39.65,35.72,466,0,Warning
36.6,45.71,470,0,Warning
45.52,58.24,299,0,Warning
22.88,67.47,345,0,Normal
40.86,57.61,198,0,Warning
43.67,19.78,788,1,Critical
19.67,65.6,107,0,Normal
22.53,86.05,243,0,Normal
42.07,22.26,651,1,Critical
44.76,30.36,806,1,Critical
25.93,47.19,98,0,Normal
44.3,28.34,628,1,Critical
49.72,38.32,701,1,Critical
32.57,58.31,611,0,Warning
30.32,42.34,609,0,Warning
42.47,30.8,622,1,Critical
33.24,44.14,325,0,Warning
42.68,43.24,262,0,Warning
28.56,63.27,272,0,Normal
36.3,67.35,154,0,Normal
58.61,37.15,531,0,Critical
31.75,29.53,118,0,Normal
40.13,57.74,543,0,Warning
28.55,57.72,423,0,Warning
37.49,54.32,405,1,Warning
56.45,19.3,766,1,Critical
24.15,35.26,259,0,Normal
28.86,63.77,319,0,Normal
37.93,52.36,430,0,Warning
40.63,53.99,401,0,Warning
29.92,47.82,714,0,Warning
28.58,42.2,159,0,Normal
55.72,26.59,880,0,Critical
39.06,43.79,501,0,Warning
25.0,37.52,294,0,Warning
56.93,35.01,1023,1,Critical
38.38,18.0,419,1,Warning
24.78,55.09,193,0,Normal
58.79,13.58,839,0,Critical
61.66,31.69,643,1,Critical
23.65,50.45,143,0,Normal
32.44,38.1,109,0,Normal
45.37,28.13,826,1,Critical
41.34,78.0,435,0,Warning
22.44,59.29,117,0,Normal
25.03,68.31,247,1,Normal
25.73,75.08,245,0,Normal
40.85,44.98,353,0,Warning
21.95,61.11,173,0,Normal
27.03,64.19,254,0,Normal
36.15,56.24,466,0,Warning
51.28,13.0,503,0,Critical
24.18,69.57,152,0,Normal
40.78,27.98,503,0,Warning
22.56,64.0,271,0,Normal
47.72,49.57,777,1,Critical
44.23,46.2,439,0,Warning
21.83,33.46,84,0,Normal
34.96,37.05,339,0,Warning
68.05,30.45,543,0,Critical
42.34,44.97,180,0,Warning
27.92,86.71,226,0,Normal
31.3,58.81,144,0,Normal
49.55,32.78,842,1,Critical
32.74,70.55,124,0,Normal
33.82,50.46,514,1,Warning
61.03,21.45,866,1,Critical
32.01,59.8,29,0,Normal
35.83,29.44,505,0,Warning
29.8,73.49,202,0,Normal
44.43,52.86,405,1,Warning
38.2,22.64,426,0,Warning
25.89,60.35,452,0,Warning
49.27,50.72,787,1,Critical
51.82,46.65,834,1,Critical
51.06,24.88,618,0,Critical
44.86,17.11,550,1,Critical
43.91,25.03,800,1,Critical
44.92,45.6,396,0,Warning
21.35,52.09,248,0,Normal
43.67,34.52,622,0,Warning
40.39,25.18,767,0,Critical
59.15,38.18,759,1,Critical
28.46,60.59,121,0,Normal
27.99,52.79,96,0,Normal
26.61,45.63,208,0,Normal
51.95,18.5,763,1,Critical
38.95,49.82,503,0,Warning
40.77,33.25,560,1,Warning
55.35,23.85,581,1,Critical
51.59,52.67,36,0,Warning
25.0,46.15,323,0,Warning
39.69,41.8,440,0,Warning
23.18,58.81,216,0,Normal
29.85,48.58,285,0,Warning
36.04,42.84,577,0,Warning
42.65,29.32,672,1,Critical
26.35,65.43,239,0,Normal
42.41,50.52,337,0,Warning
39.6,28.29,627,1,Critical
32.53,54.88,156,0,Normal
45.73,45.56,390,0,Warning
49.48,23.31,956,1,Critical
23.71,66.97,261,0,Normal
50.19,17.45,1022,1,Critical
45.81,20.6,1023,0,Critical
50.5,27.24,832,0,Critical
52.67,11.03,754,1,Critical
43.49,39.72,491,0,Warning
54.53,30.65,828,1,Critical
55.2,18.42,865,0,Critical
34.84,36.58,382,0,Warning
53.44,48.29,907,1,Critical
55.58,38.18,616,1,Critical
29.62,44.39,203,0,Normal
35.45,31.15,783,1,Critical
37.67,53.68,639,1,Warning
57.87,27.45,777,1,Critical
46.23,14.5,1023,1,Critical
39.4,24.09,791,1,Critical
37.54,27.8,544,0,Warning
26.58,43.02,81,0,Normal
20.39,29.47,73,0,Normal
29.17,70.3,134,0,Normal
26.72,64.95,227,0,Normal
31.22,52.3,552,0,Warning
32.83,46.41,610,0,Warning
21.13,48.63,194,0,Normal
26.14,34.32,191,0,Normal
45.53,55.61,702,1,Warning
43.29,47.73,422,0,Warning
47.01,41.25,678,1,Critical
21.44,48.24,116,0,Normal
25.93,68.39,367,0,Normal
37.47,53.62,470,0,Warning
32.78,29.47,369,0,Warning
46.86,25.76,539,0,Warning
41.0,32.65,787,0,Critical
23.99,60.99,173,0,Normal
37.36,40.8,476,0,Warning
26.32,18.0,573,0,Warning
45.29,62.96,353,0,Warning
18.0,44.67,78,0,Normal
41.73,42.96,653,0,Warning
31.53,54.24,130,0,Normal
53.89,43.91,634,1,Critical
59.02,41.21,908,0,Critical
27.89,69.24,266,0,Normal
39.73,34.66,347,0,Warning
47.24,12.27,595,0,Critical
60.08,16.27,450,0,Critical
41.49,30.27,831,1,Critical
39.67,56.44,424,0,Warning
57.07,19.8,720,1,Critical
50.23,63.79,441,0,Warning
42.61,21.36,770,0,Critical
35.09,38.08,428,0,Warning
48.61,57.86,421,0,Warning
53.08,50.57,1006,1,Critical
50.99,41.57,963,0,Critical
65.68,28.61,694,1,Critical
52.26,23.44,1023,1,Critical
32.8,53.18,194,0,Normal
39.52,44.26,422,0,Warning
44.96,45.12,711,1,Critical
43.5,55.07,574,1,Warning
56.41,27.42,667,1,Critical
29.36,77.08,222,0,Normal
59.52,24.76,823,0,Critical
57.93,43.81,775,1,Critical
41.96,63.84,575,0,Warning
40.53,29.75,524,1,Critical
32.6,72.86,244,0,Normal
23.52,58.14,201,0,Normal
51.06,41.11,559,0,Warning
25.38,54.33,105,0,Normal
40.88,41.49,412,1,Warning
44.79,56.2,545,0,Warning
44.87,44.47,586,0,Warning
47.63,29.91,816,1,Critical
48.73,33.32,725,1,Critical
39.26,45.01,318,1,Warning
39.87,43.9,285,0,Warning
50.5,27.76,708,1,Critical
36.37,21.35,411,0,Warning
27.16,58.62,148,0,Normal
40.98,60.71,502,0,Warning
24.88,28.76,177,0,Normal
43.41,62.56,523,0,Warning
35.65,64.56,383,0,Normal
32.83,70.58,377,0,Warning
22.26,67.7,20,0,Normal
34.61,51.33,459,0,Warning
45.21,23.09,633,1,Critical
57.72,43.12,694,0,Critical
24.75,39.51,101,0,Normal
53.82,46.49,702,1,Critical
32.98,71.53,51,0,Normal
57.82,50.39,696,1,Critical
47.26,26.24,563,0,Critical
54.26,35.06,709,1,Critical
47.1,18.79,384,0,Warning
35.78,29.96,334,1,Warning
56.92,42.02,781,0,Critical
43.24,41.83,290,0,Warning
40.17,34.32,441,0,Warning
35.42,23.04,535,0,Warning
49.67,52.14,1023,1,Critical
52.29,32.52,750,1,Critical
29.23,53.74,169,0,Normal
52.25,19.13,623,0,Critical
27.72,49.67,76,0,Normal
48.86,26.53,987,1,Critical
29.22,52.09,212,0,Normal
47.68,14.82,639,1,Critical
23.32,59.34,233,0,Normal
33.62,56.37,303,0,Warning
44.6,44.09,589,0,Warning
28.44,48.98,308,0,Warning
26.7,47.19,193,0,Normal
46.14,31.06,800,1,Critical
28.36,52.43,161,0,Normal
37.17,44.97,455,0,Warning
33.13,59.51,258,0,Normal
49.0,19.79,782,1,Critical
38.81,47.5,617,0,Warning
25.92,48.57,196,0,Normal
22.99,43.61,207,0,Normal
50.9,13.38,634,1,Critical
55.39,13.62,887,1,Critical
41.93,29.94,998,1,Critical
27.52,59.43,295,0,Normal
58.04,17.88,570,0,Critical
35.95,45.5,574,0,Warning
31.12,63.82,218,0,Normal
51.86,25.1,739,1,Critical
31.14,53.74,443,0,Warning
39.12,50.32,340,0,Warning
59.79,26.12,581,1,Critical
55.76,32.69,969,1,Critical
26.24,45.43,262,0,Normal
48.09,22.55,639,1,Critical
31.52,79.03,323,0,Normal
54.53,30.7,750,1,Critical
38.74,61.44,342,0,Warning
25.44,54.54,77,0,Normal
19.88,45.7,139,0,Normal
62.56,28.19,679,1,Critical
50.3,21.16,1003,1,Critical
73.7,18.92,790,1,Critical
58.47,27.26,1023,1,Critical
33.44,49.0,162,0,Normal
24.14,68.13,156,0,Normal
20.76,76.91,277,0,Normal
27.37,59.53,175,0,Normal
26.52,57.46,201,0,Normal
39.07,49.78,321,1,Warning
55.91,10.53,700,1,Critical
51.28,59.88,409,0,Warning
15.27,62.44,222,0,Normal
53.3,21.88,544,1,Critical
70.38,20.42,756,0,Critical
30.51,32.3,536,0,Warning
65.5,29.36,1023,1,Critical
27.27,51.0,130,0,Normal
49.98,41.95,586,1,Critical
57.24,42.86,596,0,Critical
19.25,66.19,223,0,Normal
26.08,74.7,140,0,Normal
22.91,38.69,139,0,Normal
54.0,21.38,663,1,Critical
21.49,52.56,521,0,Warning
67.48,28.84,735,0,Critical
36.55,58.77,212,0,Normal
28.55,67.35,63,0,Normal
36.72,55.25,491,0,Warning
53.88,46.94,855,1,Critical
54.71,22.05,443,1,Critical
53.65,36.2,761,1,Critical
38.65,26.55,297,1,Warning
51.02,10.27,698,1,Critical
39.37,40.75,348,1,Warning
65.57,36.21,503,1,Critical
50.44,37.73,762,1,Critical
40.07,35.19,451,0,Warning
27.38,47.16,192,0,Normal
54.67,31.23,924,1,Critical
21.36,61.08,20,0,Normal
34.84,48.6,287,0,Normal
26.96,47.71,172,0,Normal
43.26,16.78,685,1,Critical
34.01,50.08,616,0,Warning
26.35,55.27,175,0,Normal
57.11,37.34,627,0,Critical
31.52,59.7,189,0,Normal
51.12,29.57,791,1,Critical
38.36,40.98,750,1,Warning
57.86,36.29,630,0,Critical
38.88,50.53,375,0,Warning
37.55,53.39,521,0,Warning
50.84,22.1,876,1,Critical
17.18,27.81,0,0,Normal
32.9,57.66,146,0,Normal
29.58,40.85,328,0,Warning
47.82,32.76,329,0,Warning
54.42,28.33,452,1,Critical
61.92,29.87,858,0,Critical
37.09,51.8,574,0,Warning
44.84,30.98,837,1,Critical
32.75,60.82,82,0,Normal
31.53,52.65,383,0,Warning
37.43,39.98,238,0,Warning
51.88,36.39,896,1,Critical
28.67,51.19,124,0,Normal
27.84,50.55,372,0,Warning
34.07,35.32,296,0,Warning
53.98,34.39,671,1,Critical
18.68,61.54,0,0,Normal
51.83,28.64,730,0,Critical
32.59,69.34,658,0,Warning
24.97,55.96,202,0,Normal
45.78,61.75,363,1,Warning
27.18,48.07,132,0,Normal
23.15,60.99,203,0,Normal
28.66,57.99,82,0,Normal
22.67,59.08,105,0,Normal
17.6,62.69,262,0,Normal
28.16,51.66,174,0,Normal
26.16,67.48,167,0,Normal
51.58,35.45,749,1,Critical
43.86,48.15,506,0,Warning
38.92,63.15,666,0,Warning
54.95,27.72,781,1,Critical
51.51,11.57,943,1,Critical
48.9,36.11,720,1,Critical
45.96,35.61,180,0,Warning
34.15,32.58,378,0,Warning
26.53,54.86,61,0,Normal
56.65,36.5,954,0,Critical
27.01,75.23,182,0,Normal
45.26,24.32,636,1,Critical
23.67,68.07,128,0,Normal
38.4,62.14,671,0,Warning
37.73,34.47,603,0,Warning
55.59,29.11,793,1,Critical
40.78,32.65,566,0,Warning
54.61,24.63,675,1,Critical
24.34,56.03,227,0,Normal
41.54,41.55,467,0,Warning
53.43,29.84,745,1,Critical
25.69,55.17,280,0,Normal
52.46,33.77,764,1,Critical
43.16,42.52,778,0,Critical
26.67,39.37,131,0,Normal
27.59,50.02,167,0,Normal
43.14,57.59,640,0,Warning
44.79,33.4,352,0,Warning
39.69,37.23,461,0,Warning
18.0,55.73,135,0,Normal
44.54,21.92,934,1,Critical
47.93,33.94,620,1,Critical
34.53,36.62,522,1,Warning
18.28,53.61,206,0,Normal
27.52,48.2,214,0,Normal
34.23,48.74,526,0,Warning
40.29,65.39,634,0,Warning
40.28,47.17,314,0,Warning
43.16,39.69,374,0,Warning
36.43,48.4,414,0,Warning
37.03,29.58,566,0,Warning
42.7,29.28,825,1,Critical
26.75,54.32,198,0,Normal
24.34,59.58,162,0,Normal
28.29,66.12,81,0,Normal
37.16,50.19,217,1,Warning
35.84,42.02,590,0,Warning
32.75,62.08,160,0,Normal
55.24,31.07,737,1,Critical
43.55,29.24,413,1,Critical
36.91,56.5,321,0,Warning
27.77,61.33,226,0,Normal
61.6,45.63,781,1,Critical
32.75,74.53,138,0,Normal
61.37,35.59,754,1,Critical
34.65,76.01,165,0,Normal
66.44,12.93,1023,1,Critical
25.55,75.23,178,0,Normal
26.76,54.74,223,0,Normal
57.8,41.51,837,1,Critical
30.51,65.68,242,0,Normal
30.9,90.0,74,0,Normal
32.55,37.19,658,1,Warning
28.82,51.74,197,0,Normal
24.07,69.85,188,0,Normal
47.18,21.39,860,1,Critical
50.41,47.79,879,1,Critical
56.8,46.66,768,0,Critical
49.66,21.89,623,0,Critical
32.99,43.78,207,0,Normal
48.57,45.25,755,1,Critical
26.13,44.42,160,0,Normal
49.29,47.41,853,1,Critical
53.23,34.66,818,1,Critical
28.52,76.79,144,0,Normal
35.69,53.26,514,0,Warning
30.18,68.46,193,0,Normal
20.64,52.18,153,0,Normal
36.21,38.83,421,0,Warning
41.53,57.46,509,1,Warning
22.28,56.5,177,0,Normal
40.65,63.1,406,0,Warning
35.27,40.86,593,0,Warning
47.99,33.6,865,1,Critical
33.46,79.33,128,0,Normal
44.54,33.6,854,1,Critical
21.38,48.08,126,0,Normal
44.66,25.24,892,1,Critical
46.08,36.32,1023,1,Critical
69.05,21.39,449,1,Critical
45.42,45.27,887,1,Critical
39.82,30.18,630,1,Warning
55.59,23.43,712,1,Critical
16.94,41.49,190,0,Normal
38.09,37.84,488,0,Warning
32.94,42.91,315,0,Normal
28.95,50.12,272,0,Normal
25.74,41.58,333,0,Normal
29.67,45.97,224,0,Normal
18.0,68.67,303,0,Normal
39.05,34.45,476,0,Warning
39.38,48.14,292,0,Warning
15.0,55.34,215,0,Normal
24.44,54.09,81,0,Normal
24.78,64.86,146,0,Normal
59.02,14.59,904,1,Critical
52.81,29.21,761,1,Critical
24.77,75.22,211,0,Normal
41.11,69.48,540,0,Warning
32.0,31.01,758,1,Critical
25.98,66.83,124,0,Normal
32.2,41.92,305,0,Normal
22.6,49.91,261,0,Normal
37.19,33.72,495,0,Warning
57.64,42.92,618,1,Critical
28.5,42.14,254,0,Normal
49.72,26.64,889,1,Critical
37.17,28.6,493,0,Warning
36.65,41.48,393,0,Warning
25.35,31.18,154,0,Normal
36.13,31.09,41,0,Normal
29.15,59.22,124,0,Normal
56.73,26.03,724,1,Critical
40.94,58.73,416,0,Warning
33.21,71.71,213,0,Normal
26.29,54.36,513,0,Warning
42.09,38.18,619,0,Warning
28.54,43.27,177,0,Normal
29.66,61.99,164,0,Normal
26.99,68.02,235,0,Normal
29.26,69.75,163,0,Normal
41.02,29.14,638,1,Critical
30.02,62.39,174,0,Normal
59.15,26.54,628,1,Critical
56.16,24.06,1023,1,Critical
32.75,22.46,394,0,Warning
40.33,50.07,479,0,Warning
45.09,36.43,968,1,Critical
27.47,53.55,99,0,Normal
41.04,65.24,421,0,Warning
62.74,43.89,977,0,Critical
20.02,47.55,245,0,Normal
46.64,26.14,407,1,Critical
26.19,61.11,109,0,Normal
52.89,21.43,883,1,Critical
30.7,72.49,126,0,Normal
34.34,35.36,313,0,Warning
64.81,37.94,935,1,Critical
39.26,47.37,596,0,Warning
55.18,26.56,517,0,Critical
32.8,66.37,149,0,Normal
61.13,46.57,588,1,Critical
36.55,38.83,488,0,Warning
24.31,52.31,199,0,Normal
64.78,39.74,802,1,Critical
43.25,45.19,502,0,Warning
30.94,47.87,107,0,Normal
20.73,59.99,242,0,Normal
39.56,30.98,621,0,Warning
41.32,62.17,510,0,Warning
45.22,65.78,281,0,Warning
59.32,34.91,979,1,Critical
55.85,45.38,607,0,Warning
31.93,59.43,134,0,Normal
41.11,31.78,548,1,Warning
51.54,31.19,610,1,Critical
21.18,41.28,68,0,Normal
59.49,34.72,702,1,Critical
57.51,32.55,1023,0,Critical
49.81,28.96,633,1,Critical
47.83,47.86,375,0,Warning
45.11,36.6,513,0,Critical
54.67,29.69,833,0,Critical
31.77,63.07,139,0,Normal
21.23,70.99,117,0,Normal
56.93,25.77,565,1,Critical
40.44,47.79,339,0,Warning
28.5,65.44,199,0,Normal
41.8,46.15,346,0,Warning
35.9,51.87,400,0,Warning
15.32,57.6,265,0,Normal
18.0,88.87,146,0,Normal
24.61,52.12,293,0,Warning
37.07,24.95,529,0,Warning
37.9,44.29,490,0,Warning
33.91,56.94,167,0,Normal
26.9,84.48,234,0,Normal
33.07,61.45,272,0,Normal
26.95,81.67,328,1,Normal
30.7,51.21,467,0,Warning
57.41,13.35,721,1,Critical
48.41,31.25,714,1,Critical
27.18,41.99,322,0,Warning
28.46,43.01,20,0,Normal
34.44,27.82,514,1,Critical
51.64,32.92,770,1,Critical
32.71,72.61,226,0,Normal
59.44,23.15,789,1,Critical
36.9,61.81,404,0,Warning
46.74,40.5,757,1,Critical
20.99,47.79,170,0,Normal
35.13,43.5,548,0,Warning
51.14,30.96,730,1,Critical
27.43,63.98,121,0,Normal
35.74,48.57,480,0,Warning
31.32,59.04,163,0,Normal
36.61,37.14,419,0,Warning
57.17,14.48,809,1,Critical
38.5,78.0,344,1,Warning
39.37,56.2,489,0,Warning
33.71,49.37,307,0,Warning
29.22,65.92,169,0,Normal
31.55,47.82,361,0,Warning
44.68,46.21,582,0,Warning
34.41,15.48,607,1,Critical
30.46,46.09,318,0,Normal
62.25,29.26,592,1,Critical
42.11,46.47,978,1,Critical
37.93,35.08,363,0,Warning
31.35,38.93,369,0,Warning
52.21,29.45,406,1,Critical
47.28,12.95,803,1,Critical
56.11,41.32,750,1,Critical
35.0,52.11,180,0,Warning
33.26,55.84,303,0,Normal
45.47,29.44,948,1,Critical
26.24,52.78,63,0,Normal
29.37,36.8,222,0,Normal
33.14,54.41,229,0,Normal
49.74,16.67,645,1,Critical
33.19,44.87,204,0,Warning
57.39,24.83,696,1,Critical
37.28,57.28,239,0,Warning
34.36,44.49,256,0,Warning
28.44,42.48,234,0,Normal
47.15,35.08,400,1,Critical
60.81,13.73,794,1,Critical
23.16,54.33,187,0,Normal
45.27,36.16,793,1,Critical
28.49,77.71,277,0,Normal
37.25,24.55,381,0,Warning
28.79,59.52,157,0,Normal
61.52,23.98,866,1,Critical
35.91,64.59,471,0,Warning
38.67,53.97,585,0,Warning
32.48,76.45,211,0,Normal
45.76,48.08,180,0,Warning
57.9,14.21,899,1,Critical
46.88,38.33,715,1,Critical
49.45,25.24,543,0,Critical
55.08,35.79,782,1,Critical
25.43,53.89,296,0,Normal
45.46,43.07,645,0,Warning
60.44,20.09,660,1,Critical
42.07,46.79,418,0,Warning
25.0,66.09,159,0,Normal
31.37,33.28,324,0,Warning
36.2,47.79,379,0,Warning
53.44,15.56,717,1,Critical
26.41,63.63,195,0,Normal
24.72,63.72,89,0,Normal
24.8,58.94,218,0,Normal
59.03,53.7,818,1,Critical
39.65,45.55,524,0,Warning
25.63,63.96,175,0,Normal
61.95,10.64,882,1,Critical
34.14,54.63,147,0,Normal
40.19,70.0,385,0,Warning
33.04,50.69,724,0,Warning
48.78,32.09,657,1,Critical
37.96,37.47,542,0,Warning
28.76,76.9,69,0,Normal
29.83,58.17,204,0,Normal
54.97,19.1,850,1,Critical
51.5,28.28,591,1,Critical
39.8,71.26,361,0,Warning
25.66,78.36,63,0,Normal
43.26,20.2,562,0,Warning
23.69,46.02,167,0,Normal
33.72,47.49,484,0,Warning
36.85,46.16,392,1,Warning
25.26,65.46,156,0,Normal
23.43,49.06,152,0,Normal
45.95,42.1,802,1,Critical
35.08,70.68,411,0,Normal
38.99,44.3,750,0,Warning
54.9,38.01,909,1,Critical
54.01,30.28,771,1,Critical
51.6,33.32,796,1,Critical
31.08,51.51,338,0,Warning
43.77,45.29,425,0,Warning
40.45,29.55,471,0,Warning
21.43,55.43,0,0,Normal
31.51,39.99,193,0,Normal
27.25,63.76,247,0,Normal
17.91,58.44,190,1,Normal
34.32,32.12,317,1,Warning
30.16,60.81,245,0,Normal
51.37,47.13,1007,1,Critical
21.81,57.59,227,0,Normal
49.82,49.41,919,0,Critical
42.02,19.31,879,0,Critical
22.12,45.23,206,0,Normal
58.82,19.28,995,1,Critical
28.33,60.32,152,0,Normal
48.19,30.28,857,1,Critical
43.45,41.1,339,0,Warning
64.85,48.31,730,1,Critical
28.74,60.53,263,0,Normal
53.88,33.27,1000,0,Critical
50.32,21.29,400,1,Critical
35.4,31.48,443,0,Warning
42.06,60.31,558,0,Warning
48.86,21.61,820,1,Critical
51.88,34.42,665,1,Critical
28.19,40.17,106,0,Normal
31.48,67.1,229,0,Normal
34.06,53.64,472,0,Warning
37.92,30.36,401,0,Warning
32.46,31.29,601,0,Warning
64.47,39.63,981,1,Critical
46.35,39.2,554,0,Warning
25.76,47.32,134,0,Normal
59.2,15.06,837,1,Critical
27.27,54.98,287,0,Normal
48.45,21.78,770,1,Critical
44.36,31.82,737,1,Critical
26.5,48.8,223,0,Normal
33.88,59.14,237,0,Normal
50.68,26.32,611,1,Critical
26.18,42.46,324,0,Normal
35.47,41.7,371,0,Warning
18.55,69.53,43,0,Normal
39.76,26.21,480,0,Warning
46.1,59.49,606,1,Critical
28.79,78.52,107,0,Normal
37.88,49.85,279,0,Warning
46.53,35.79,580,0,Warning
44.28,40.42,330,0,Warning
42.3,42.63,452,0,Warning
51.18,30.22,811,1,Critical
32.28,41.12,352,0,Warning
29.22,54.69,511,0,Warning
40.33,32.22,595,0,Warning
35.07,60.93,350,0,Warning
47.05,32.2,717,0,Critical
31.69,53.54,382,0,Warning
22.84,61.38,159,0,Normal
35.87,49.33,445,0,Warning
38.64,21.54,709,0,Critical
41.8,21.39,540,0,Warning
29.36,56.95,166,0,Normal
49.49,19.4,619,1,Critical
38.13,46.97,349,0,Warning
59.8,39.02,569,1,Critical
30.36,64.67,103,0,Normal
47.03,39.06,900,1,Critical
28.0,71.02,247,0,Normal
21.81,50.76,510,0,Warning
53.13,33.05,544,1,Critical
37.98,43.31,710,0,Warning
48.15,42.09,706,1,Critical
59.25,41.45,710,1,Critical
27.12,61.1,122,0,Normal
57.74,12.11,689,1,Critical
25.06,66.7,259,0,Normal
27.24,89.24,132,0,Normal
23.59,60.75,49,0,Normal
55.76,8.0,779,1,Critical
32.78,52.26,515,0,Warning
37.27,25.19,285,0,Warning
52.94,26.0,1023,1,Critical
52.49,40.05,698,1,Critical
44.82,40.16,1023,1,Critical
27.65,52.18,185,0,Normal
23.39,44.59,225,0,Normal
66.93,8.0,782,1,Critical
63.14,30.11,684,1,Critical
45.63,21.28,658,1,Critical
24.89,86.32,240,0,Normal
31.79,37.17,601,0,Warning
35.37,42.7,290,0,Normal
22.47,48.16,86,0,Normal
39.69,24.21,672,0,Critical
20.83,70.95,237,0,Normal
29.81,78.67,201,0,Normal
22.71,45.56,131,0,Normal
32.31,71.1,143,1,Normal
58.52,28.48,625,1,Critical
50.73,49.98,884,1,Critical
51.08,56.08,351,0,Warning
20.38,72.79,20,0,Normal
55.51,39.96,628,0,Critical
39.67,43.83,261,0,Warning
55.85,34.46,806,1,Critical
49.39,16.72,698,1,Critical
67.7,43.53,772,1,Critical
39.25,42.45,427,0,Warning
31.11,56.82,241,0,Warning
25.07,67.61,158,0,Normal
76.2,39.17,845,1,Critical
41.82,43.55,295,0,Warning
33.11,38.59,578,0,Warning
51.03,21.5,1023,0,Critical
32.82,58.44,89,0,Normal
48.59,48.98,908,1,Critical
35.37,30.47,406,0,Warning
18.99,41.45,230,0,Normal
26.42,47.03,117,0,Normal
36.94,11.11,796,1,Critical
35.91,43.64,407,0,Warning
54.37,20.48,909,1,Critical
20.67,59.91,190,0,Normal
30.99,39.44,500,0,Warning
42.23,55.72,466,1,Warning
37.27,43.12,547,1,Critical
37.51,30.74,460,0,Warning
22.03,59.94,234,0,Normal
22.11,60.96,181,0,Normal
33.52,56.54,154,0,Normal
55.33,44.28,866,1,Critical
58.14,42.85,778,1,Critical
44.76,39.64,392,0,Warning
27.25,62.7,203,0,Normal
49.57,13.59,712,1,Critical
58.54,35.12,1023,1,Critical
53.27,26.07,840,0,Critical
28.03,57.67,128,0,Normal
33.17,45.95,100,0,Warning
22.0,35.89,173,0,Normal
29.04,35.0,256,0,Normal
69.36,50.92,562,1,Critical
36.05,47.44,397,0,Warning
45.69,46.52,729,1,Critical
45.21,54.91,377,0,Warning
32.65,50.97,401,0,Warning
61.41,10.93,794,0,Critical
44.66,28.72,621,0,Critical
36.13,39.58,581,0,Warning
29.22,55.52,115,0,Normal
25.32,37.3,166,0,Normal
42.62,28.9,714,1,Critical
43.27,28.0,686,1,Critical
25.47,48.71,251,0,Normal
24.66,70.55,221,0,Normal
37.78,29.03,552,0,Warning
31.23,60.98,203,0,Normal
43.64,35.4,584,1,Critical
17.55,42.64,406,0,Warning
45.49,39.92,843,1,Critical
23.73,40.57,226,0,Normal
33.12,52.78,510,0,Warning
33.88,31.23,616,0,Warning
29.47,65.06,337,0,Normal
34.41,71.95,585,0,Warning
32.91,34.86,510,0,Warning
48.39,47.99,924,1,Critical
68.84,23.75,938,1,Critical
30.89,49.67,220,0,Normal
54.45,25.38,559,1,Critical
45.21,67.06,400,0,Warning
31.98,32.98,302,0,Normal
50.18,22.93,807,1,Critical
52.25,43.2,760,1,Critical
43.61,31.8,694,1,Critical
46.19,30.61,745,1,Critical
50.36,33.27,759,0,Critical
28.38,35.65,119,0,Normal
68.27,36.88,838,1,Critical
30.23,47.61,168,0,Normal
25.42,62.0,181,0,Normal
41.99,24.72,806,1,Critical
45.39,29.64,632,0,Critical
49.53,44.61,707,0,Warning
35.93,68.35,435,0,Warning
41.9,49.41,378,1,Warning
35.1,25.24,325,0,Warning
37.12,26.87,873,1,Critical
26.1,60.19,182,0,Normal
50.34,22.36,1007,1,Critical
31.75,59.75,20,0,Normal
37.23,52.14,302,0,Warning
38.39,36.18,513,1,Warning
18.0,35.72,20,0,Normal
56.76,43.59,757,1,Critical
54.29,33.07,997,1,Critical
22.14,39.61,185,0,Normal
48.01,27.34,930,1,Critical
30.16,60.37,195,0,Normal
26.77,44.79,179,0,Normal
55.32,48.0,677,1,Critical
28.93,31.58,600,0,Warning
32.36,39.4,330,0,Warning
53.66,37.53,822,1,Critical
27.74,56.86,192,0,Normal
24.28,56.3,20,0,Normal
46.78,47.17,323,0,Warning
28.16,52.8,151,0,Normal
30.59,34.11,468,1,Warning
29.12,63.52,147,0,Normal
44.66,11.06,911,1,Critical
52.65,43.23,1008,1,Critical
33.15,63.34,277,0,Warning
55.08,34.81,946,1,Critical
50.42,17.42,713,1,Critical
26.54,72.14,322,0,Normal
29.32,57.24,194,0,Normal
64.56,33.44,846,1,Critical
38.59,51.87,588,0,Warning
32.3,64.14,207,0,Normal
34.51,53.44,256,0,Normal
25.79,50.97,68,0,Normal
43.49,39.28,286,0,Warning
27.27,57.99,237,0,Normal
46.48,31.25,368,0,Warning
26.73,47.17,363,0,Normal
26.67,67.37,300,0,Normal
32.26,45.9,215,0,Normal
37.38,28.39,777,1,Critical
50.27,25.04,840,1,Critical
28.0,66.1,386,0,Normal
53.21,30.96,551,0,Critical
38.74,42.86,388,0,Warning
26.56,50.43,133,0,Normal
25.5,55.12,264,0,Normal
30.34,55.72,117,0,Normal
35.8,59.13,374,0,Warning
32.97,42.23,607,1,Warning
25.67,63.87,41,0,Normal
60.68,21.09,544,1,Critical
61.68,27.49,730,0,Critical
57.7,27.71,642,1,Critical
26.41,64.78,81,0,Normal
33.96,47.79,243,1,Warning
55.29,25.62,917,1,Critical
60.84,37.9,636,1,Critical
35.03,46.47,448,0,Warning
47.5,45.8,724,1,Critical
29.2,63.6,133,0,Normal
19.77,62.29,240,0,Normal
37.55,66.66,586,0,Warning
26.05,50.31,272,0,Normal
23.79,70.2,200,0,Normal
45.22,57.57,529,0,Warning
27.94,43.81,97,0,Normal
37.1,43.01,485,0,Warning
36.19,58.81,377,0,Warning
42.38,23.11,411,0,Warning
63.75,15.97,751,1,Critical
37.8,73.89,540,0,Warning
37.01,31.59,306,0,Warning
25.57,59.58,46,0,Normal
52.0,66.64,387,0,Warning
21.49,73.48,58,0,Normal
56.42,21.85,730,1,Critical
58.33,29.52,926,1,Critical
23.99,48.47,89,0,Normal
50.08,49.55,513,1,Critical
44.09,22.57,532,1,Critical
58.89,36.05,804,1,Critical
39.0,30.52,581,0,Warning
57.0,27.26,809,0,Critical
27.93,59.56,281,0,Normal
30.0,40.38,194,0,Normal
37.14,43.85,549,0,Warning
49.65,35.19,570,1,Critical
35.61,35.75,467,1,Warning
41.7,42.94,482,1,Critical
37.08,34.37,512,0,Warning
43.36,51.53,387,0,Warning
32.82,39.97,579,0,Warning
35.21,47.07,581,0,Warning
39.0,47.22,305,1,Warning
35.27,62.02,464,0,Warning
35.21,46.81,495,0,Warning
32.89,59.24,394,0,Warning
36.37,51.71,671,0,Warning
49.9,17.1,712,1,Critical
22.65,54.47,264,0,Normal
59.45,36.89,706,1,Critical
57.25,39.71,812,1,Critical
44.07,39.38,880,1,Critical
43.75,39.27,526,0,Warning
37.7,30.93,394,0,Warning
47.31,21.14,600,0,Critical
21.36,47.48,264,0,Normal
28.31,59.42,301,0,Normal
48.86,26.73,775,1,Critical
38.97,18.0,448,0,Warning
44.85,45.86,385,0,Warning
59.61,33.59,569,0,Critical
38.57,30.15,264,0,Warning
59.65,21.68,1023,1,Critical
34.83,30.37,472,0,Warning
27.15,47.73,124,0,Normal
48.2,14.61,922,1,Critical
27.89,50.98,199,0,Normal
26.51,56.14,107,0,Normal
45.89,40.68,318,0,Warning
36.68,71.86,428,0,Warning
48.15,16.41,684,1,Critical
26.54,30.1,161,0,Normal
35.31,64.66,183,0,Normal
24.51,46.11,218,0,Normal
44.93,40.02,739,1,Critical
22.77,64.12,68,0,Normal
24.51,73.18,94,0,Normal
43.73,25.3,180,1,Warning
23.64,60.84,65,0,Normal
23.0,56.95,205,0,Normal
41.17,52.23,355,0,Warning
29.94,45.31,139,0,Normal
44.05,38.7,683,1,Critical
60.95,28.58,640,1,Critical
30.88,66.87,218,0,Normal
32.97,57.26,460,0,Warning
25.43,57.25,116,0,Normal
29.6,52.56,136,0,Normal
33.28,56.39,245,0,Normal
63.01,44.02,751,1,Critical
26.84,60.64,91,0,Normal
28.86,62.82,136,0,Normal
40.81,42.25,635,0,Warning
54.01,28.84,918,0,Critical
51.08,31.22,747,0,Critical
45.4,23.94,705,1,Critical
46.98,44.21,367,0,Warning
59.09,16.45,888,1,Critical
61.72,22.59,1019,1,Critical
21.12,66.45,147,0,Normal
28.26,59.37,232,0,Normal
31.9,64.27,136,0,Normal
32.85,61.29,451,0,Warning
28.45,39.01,81,0,Normal
48.14,23.01,879,1,Critical
41.64,42.47,211,0,Warning
32.56,62.64,530,0,Warning
25.37,75.88,210,0,Normal
58.24,35.81,805,1,Critical
26.8,52.5,119,0,Normal
22.26,68.33,198,0,Normal
30.0,49.62,161,0,Normal
36.14,50.92,515,1,Warning
34.56,40.42,495,0,Warning
36.73,53.0,495,1,Warning
30.88,58.13,357,0,Normal
35.65,49.65,395,0,Warning
39.07,37.92,649,0,Warning
54.59,32.71,828,1,Critical
28.28,77.34,231,0,Normal
42.59,50.98,342,0,Warning
38.73,46.2,574,0,Warning
18.21,57.39,164,0,Normal
47.74,26.23,760,1,Critical
32.46,57.26,219,0,Normal
39.23,30.04,553,0,Warning
48.77,27.56,830,0,Critical
58.26,8.0,560,1,Critical
28.17,70.57,0,0,Normal
41.48,42.86,382,0,Warning
40.41,48.47,343,0,Warning
38.36,39.21,369,0,Warning
33.99,73.29,422,0,Warning
39.56,41.09,597,0,Warning
53.43,38.85,942,1,Critical
47.13,31.32,1001,1,Critical
19.55,49.58,259,0,Normal
51.93,33.65,548,1,Critical
31.52,30.05,301,0,Warning
51.46,39.88,951,1,Critical
23.34,52.7,153,0,Normal
49.64,44.07,732,1,Critical
63.14,25.33,843,0,Critical
22.63,56.7,309,0,Normal
56.34,43.04,642,1,Critical
27.78,35.0,141,0,Normal
28.51,44.89,292,0,Normal
32.44,69.95,238,0,Normal
30.71,68.69,357,0,Warning
59.38,34.76,535,0,Critical
40.7,52.0,571,0,Warning
49.73,23.19,603,0,Warning
25.37,38.57,282,0,Normal
30.52,62.37,70,0,Normal
70.24,17.93,931,1,Critical
30.87,57.29,109,0,Normal
74.6,26.94,463,1,Critical
28.84,66.02,243,0,Normal
26.47,65.01,169,0,Normal
46.42,34.76,656,1,Critical
50.9,16.51,554,1,Critical
55.21,36.04,951,1,Critical
41.13,30.77,505,0,Warning
32.18,22.04,862,0,Critical
56.67,17.32,534,1,Critical
33.47,28.0,494,0,Warning
43.39,39.6,448,0,Warning
26.56,59.08,131,0,Normal
47.39,25.38,619,0,Critical
54.79,36.54,645,1,Critical
29.12,55.93,380,0,Normal
39.14,53.08,741,0,Warning
54.4,52.73,606,0,Critical
27.71,47.75,514,0,Warning
31.2,55.14,128,0,Normal
28.9,36.3,268,0,Normal
32.89,50.97,183,0,Normal
40.46,37.62,634,1,Critical
25.34,61.29,181,0,Normal
63.01,28.89,802,1,Critical
55.4,30.65,360,0,Warning
52.41,35.65,682,1,Critical
21.53,69.65,0,0,Normal
39.03,25.15,769,0,Critical
34.19,45.97,440,1,Warning
44.72,39.16,659,0,Warning
50.53,37.1,388,1,Critical
21.04,56.87,10,0,Normal
54.18,35.56,1023,1,Critical
42.13,47.22,810,1,Critical
34.1,40.11,482,0,Warning
31.05,47.64,285,0,Normal
31.27,42.76,572,0,Warning
30.18,54.26,153,0,Normal
26.41,42.29,497,1,Warning
58.12,40.19,944,1,Critical
28.27,49.87,240,0,Normal
18.0,63.76,88,0,Normal
29.07,71.32,245,0,Normal
35.52,64.12,222,0,Normal
24.21,48.57,199,0,Normal
31.26,62.73,200,0,Normal
32.44,30.17,446,0,Warning
35.97,51.38,62,0,Normal
59.54,25.6,708,1,Critical
24.98,79.8,330,0,Normal
46.77,38.3,742,1,Critical
30.79,38.09,384,0,Warning
59.31,28.25,855,1,Critical
45.05,41.52,819,1,Critical
24.35,58.34,63,0,Normal
43.96,44.01,676,1,Critical
46.73,51.37,481,0,Warning
29.56,71.61,123,0,Normal
25.53,70.3,203,0,Normal
31.39,41.6,528,0,Warning
30.9,73.5,397,0,Normal
34.84,45.97,463,0,Warning
20.52,38.23,168,0,Normal
31.71,60.61,159,0,Normal
40.23,19.34,402,1,Critical
34.32,60.25,268,0,Warning
25.95,64.88,220,0,Normal
24.63,50.0,203,0,Normal
69.35,16.57,588,1,Critical
23.56,51.55,111,0,Normal
46.79,51.76,449,0,Warning
27.67,41.3,542,0,Warning
53.37,32.93,1001,0,Critical
25.73,74.92,121,0,Normal
26.84,64.4,257,0,Warning
28.62,57.14,212,0,Normal
55.37,20.99,850,1,Critical
35.43,50.63,339,0,Warning
47.92,28.74,961,1,Critical
23.7,80.83,69,1,Normal
22.77,73.7,168,0,Normal
54.46,34.78,467,1,Critical
25.36,65.94,213,0,Normal
37.66,72.02,301,0,Warning
39.72,56.47,558,0,Warning
34.74,65.59,127,0,Normal
31.7,58.61,406,0,Warning
64.67,35.62,595,1,Critical
27.01,51.08,365,0,Normal
30.52,31.23,470,0,Warning
36.67,54.17,641,0,Warning
34.78,37.03,828,1,Critical
37.2,36.65,607,0,Warning
23.8,69.71,241,0,Normal
39.8,38.46,715,1,Critical
54.42,41.22,677,1,Critical
23.77,58.16,176,0,Normal
42.78,42.11,670,1,Critical
21.85,50.52,182,0,Normal
27.79,64.37,147,0,Normal
48.2,38.73,537,0,Warning
28.24,74.94,267,0,Normal
33.62,51.74,369,0,Warning
44.51,35.18,1006,1,Critical
46.8,30.96,851,1,Critical
31.49,62.0,470,0,Warning
43.71,35.4,698,1,Critical
28.13,61.71,198,0,Normal
27.12,48.86,80,0,Normal
18.0,53.71,271,0,Normal
50.18,35.94,603,1,Critical
32.23,58.72,339,0,Warning
28.25,53.08,64,0,Normal
53.43,50.81,975,1,Critical
22.84,69.13,219,0,Normal
27.13,50.01,50,0,Normal
18.0,36.28,172,0,Normal
45.72,48.64,1023,0,Critical
63.18,20.61,1023,1,Critical
64.96,39.0,913,1,Critical
48.36,56.72,221,0,Warning
26.28,57.61,185,0,Normal
26.95,49.61,108,0,Normal
29.71,62.8,313,0,Normal
60.73,24.75,638,0,Critical
47.67,22.12,722,1,Critical
23.77,56.64,0,0,Normal
27.56,65.39,173,0,Normal
52.02,44.46,864,1,Critical
66.25,34.59,816,0,Critical
44.71,34.88,1023,1,Critical
48.9,33.85,724,0,Critical
22.39,45.87,212,0,Normal
42.2,32.74,383,0,Warning
57.99,47.23,877,0,Critical
30.13,48.19,215,0,Normal
53.36,31.17,813,1,Critical
34.94,54.37,510,0,Warning
34.37,31.16,442,0,Warning
34.99,36.86,65,0,Normal
32.92,39.34,333,0,Warning
53.46,28.09,984,1,Critical
55.09,38.46,669,0,Critical
41.0,48.46,442,0,Warning
31.62,71.47,223,0,Normal
31.01,52.52,223,0,Normal
51.24,28.54,862,1,Critical
28.71,54.76,279,0,Normal
30.11,49.29,163,0,Normal
21.93,49.32,162,0,Normal
58.38,48.77,927,0,Critical
57.01,29.65,751,1,Critical
59.09,26.8,394,1,Critical
48.72,56.22,189,0,Warning
40.34,51.36,389,0,Warning
44.89,78.0,411,0,Warning
48.38,31.49,1023,1,Critical
48.81,64.1,420,1,Warning
45.45,29.39,492,0,Warning
34.07,42.9,398,0,Warning
32.2,46.99,219,0,Normal
59.63,35.12,722,1,Critical
34.14,64.68,235,0,Normal
28.78,75.74,304,0,Normal
25.08,71.43,207,0,Normal
49.66,8.0,766,0,Critical
56.1,38.36,628,1,Critical
45.49,28.48,591,0,Critical
50.31,24.79,832,1,Critical
38.33,17.77,820,1,Critical
59.68,17.06,621,0,Critical
54.52,17.23,776,1,Critical
55.59,26.56,726,1,Critical
20.27,51.65,224,0,Normal
23.32,58.24,395,0,Normal
49.32,44.2,465,1,Critical
21.62,25.0,329,0,Normal
41.59,29.47,1019,1,Critical
34.38,51.48,583,0,Warning
39.11,45.1,497,0,Warning
25.3,48.14,140,0,Normal
58.29,36.55,855,1,Critical
25.05,32.71,200,0,Normal
40.69,38.84,343,0,Warning
38.13,53.63,224,0,Normal
49.62,49.49,905,1,Critical
53.77,32.93,993,1,Critical
54.51,26.65,742,1,Critical
55.76,24.3,551,1,Critical
60.91,31.12,709,1,Critical
41.33,44.45,370,0,Warning
35.81,35.58,438,0,Warning
67.16,40.99,857,0,Critical
44.3,34.64,795,1,Critical
27.05,50.41,257,0,Normal
58.8,37.26,636,1,Critical
32.98,46.32,240,1,Warning
54.4,31.98,828,1,Critical
48.84,48.33,817,1,Critical
60.87,26.74,910,1,Critical
15.0,34.27,9,0,Normal
30.42,59.21,185,0,Normal
43.37,46.86,531,0,Warning
33.84,47.4,462,0,Warning
43.13,29.51,910,0,Critical
23.01,45.38,285,0,Normal
28.08,72.99,240,0,Normal
44.81,22.54,967,1,Critical
39.08,37.96,543,0,Warning
38.57,41.78,502,0,Warning
27.73,66.07,125,0,Normal
47.76,27.78,721,1,Critical
34.87,39.35,568,0,Warning
37.82,44.25,988,1,Critical
35.99,47.65,333,0,Warning
31.76,60.53,146,0,Normal
31.26,52.45,253,0,Normal
28.65,62.92,196,0,Normal
44.74,40.26,816,1,Critical
61.69,23.27,825,1,Critical
49.98,24.44,810,0,Critical
30.81,76.86,132,0,Normal
38.08,33.5,258,0,Warning
58.84,23.12,972,1,Critical
32.0,57.09,20,0,Normal
45.6,35.54,313,1,Warning
64.41,26.71,811,1,Critical
23.29,54.07,76,0,Normal
22.73,25.01,220,0,Normal
54.37,17.84,679,1,Critical
57.41,24.14,531,1,Critical
26.02,47.4,192,0,Normal
60.9,17.49,1008,1,Critical
38.04,51.57,180,0,Warning
29.63,37.05,412,0,Warning
54.72,44.02,912,1,Critical
25.0,55.37,442,0,Warning
18.36,56.47,291,0,Warning
27.28,58.53,314,0,Normal
38.77,30.98,306,0,Warning
41.48,48.52,359,0,Warning
43.55,31.09,491,0,Warning
40.36,25.31,406,0,Warning
27.29,42.66,411,0,Normal
28.54,64.94,279,0,Normal
28.79,55.8,194,0,Normal
56.97,30.56,774,1,Critical
44.5,40.54,478,1,Critical
36.69,52.7,347,0,Warning
66.09,44.38,733,0,Critical
40.72,28.33,720,1,Critical
30.05,45.66,186,0,Normal
23.65,70.41,156,0,Normal
25.7,82.92,180,0,Normal
39.24,35.71,455,1,Warning
37.02,53.97,387,0,Warning
40.12,43.28,537,0,Warning
41.78,40.98,375,0,Warning
39.45,20.09,838,1,Critical
34.33,55.03,544,0,Warning
29.97,61.12,179,0,Normal
36.97,63.82,209,0,Normal
48.09,28.86,333,0,Warning
35.31,59.54,506,0,Warning
34.4,45.89,445,0,Warning
36.87,41.58,548,1,Warning
27.57,75.73,217,0,Normal
65.47,45.82,660,1,Critical
48.61,21.45,801,1,Critical
35.97,24.75,570,0,Warning
41.22,28.91,318,0,Warning
37.1,41.03,304,0,Warning
28.31,48.42,110,0,Normal
56.72,45.7,826,1,Critical
41.54,63.1,285,0,Warning
45.54,59.8,380,0,Warning
30.23,60.35,569,0,Warning
18.66,82.38,90,0,Normal
41.38,40.29,733,0,Warning
61.78,20.6,850,1,Critical
54.68,23.1,728,1,Critical
26.0,57.36,145,0,Normal
18.41,56.44,234,0,Normal
41.35,40.09,245,0,Warning
23.12,52.38,187,0,Normal
40.1,22.64,467,0,Warning
37.18,48.0,475,0,Warning
40.85,55.74,511,0,Warning
40.75,44.2,466,0,Warning
27.63,61.37,20,0,Normal
41.83,20.79,1023,1,Critical
41.74,28.11,678,1,Critical
43.31,37.05,514,0,Warning
35.59,43.63,329,0,Warning
40.73,49.18,519,0,Warning
32.21,48.28,483,0,Warning
34.29,64.61,239,0,Normal
30.02,70.34,102,0,Normal
30.59,52.59,14,0,Normal
54.32,8.0,890,1,Critical
40.42,35.98,780,1,Critical
59.19,45.71,925,0,Critical
36.36,40.56,500,0,Warning
30.08,63.84,801,0,Warning
49.23,46.64,712,0,Critical
37.17,38.93,527,0,Warning
24.51,65.68,174,0,Normal
50.87,55.76,700,1,Critical
26.13,77.2,130,0,Normal
33.59,51.47,206,0,Normal
41.37,31.96,743,0,Critical
43.66,36.72,486,0,Warning
24.49,38.06,268,0,Normal
46.18,38.63,639,1,Critical
31.56,26.98,465,1,Warning
44.52,25.43,810,1,Critical
23.36,77.11,187,0,Normal
41.84,51.18,795,1,Critical
33.35,57.51,304,1,Warning
30.72,37.57,142,0,Normal
47.01,30.54,519,1,Critical
42.71,57.11,299,0,Warning
50.63,34.61,825,0,Critical
41.24,46.56,341,0,Warning
65.34,49.73,1023,0,Critical
26.66,83.45,380,0,Normal
24.35,52.1,185,0,Normal
54.6,26.79,683,1,Critical
18.0,61.82,246,0,Normal
53.73,41.5,660,1,Critical
30.95,69.62,133,0,Normal
44.79,23.2,442,1,Critical
58.68,37.5,904,1,Critical
34.78,37.6,755,1,Critical
37.45,52.47,299,0,Warning
44.05,27.13,464,0,Warning
52.88,35.2,672,1,Critical
27.05,64.85,290,0,Normal
24.93,61.65,204,0,Normal
36.33,42.62,641,0,Warning
37.79,42.75,403,0,Warning
31.8,37.98,162,0,Normal
22.35,57.97,207,0,Normal
45.7,29.84,797,1,Critical
25.49,48.21,43,0,Normal
38.97,43.76,393,0,Warning
27.88,53.39,157,0,Normal
30.35,58.69,163,0,Normal
26.25,40.94,132,0,Normal
28.4,60.58,89,0,Normal
31.69,60.38,577,0,Warning
54.57,39.17,732,1,Critical
60.15,19.09,883,0,Critical
30.22,50.68,117,0,Normal
44.69,58.57,435,0,Warning
25.91,63.59,99,0,Normal
55.18,25.74,795,1,Critical
53.93,33.73,717,0,Critical
40.46,26.74,853,1,Critical
26.91,32.46,177,0,Normal
64.87,22.2,585,1,Critical
49.85,26.8,580,0,Critical
46.5,29.28,801,1,Critical
49.48,43.88,934,1,Critical
59.15,36.59,793,1,Critical
36.99,68.89,617,0,Warning
38.18,52.74,567,0,Warning
65.62,33.83,662,1,Critical
50.4,25.38,345,0,Warning
26.73,59.05,210,0,Normal
40.63,53.28,497,0,Warning
37.45,54.98,509,0,Warning
26.22,30.78,471,1,Warning
46.62,42.77,520,0,Warning
38.25,45.36,426,0,Warning
54.69,28.92,601,1,Critical
33.98,63.86,287,0,Normal
22.49,72.78,95,0,Normal
39.02,38.63,441,0,Warning
64.27,21.93,553,1,Critical
60.63,17.3,815,1,Critical
25.06,58.78,207,0,Normal
39.59,25.42,717,1,Critical
44.85,22.18,627,0,Critical
61.74,41.87,723,1,Critical
42.19,39.24,317,1,Warning
53.22,11.41,770,1,Critical
39.69,24.91,429,0,Warning
38.06,44.91,449,0,Warning
29.25,79.32,20,0,Normal
28.59,67.83,222,0,Normal
27.16,52.71,175,0,Normal
40.13,33.09,636,1,Critical
54.78,31.1,893,0,Critical
25.12,41.23,64,0,Normal
38.07,44.65,389,0,Warning
48.76,34.31,856,1,Critical
31.94,34.57,433,0,Warning
50.38,25.76,852,1,Critical
40.76,31.66,589,1,Critical
28.34,53.29,286,0,Normal
44.87,22.74,615,0,Warning
32.32,50.19,503,0,Warning
37.43,46.9,565,0,Warning
27.25,46.22,202,0,Normal
28.32,57.75,188,0,Normal
37.73,32.3,545,0,Warning
32.85,65.87,81,0,Normal
29.52,28.58,488,1,Warning
39.84,60.32,343,0,Warning
19.52,60.39,204,0,Normal
43.73,25.66,526,0,Warning
21.88,46.5,122,0,Normal
48.93,27.52,661,1,Critical
35.39,55.1,359,0,Warning
54.64,46.06,967,1,Critical
35.94,37.17,352,0,Warning
25.11,36.68,160,0,Normal
57.63,21.14,702,1,Critical
21.47,67.42,203,0,Normal
46.93,47.11,821,1,Critical
36.02,55.35,380,0,Warning
44.17,40.08,344,0,Warning
35.97,28.34,435,0,Warning
46.82,26.5,686,1,Critical
18.0,57.46,245,0,Normal
28.81,48.75,307,0,Normal
48.3,31.99,577,1,Critical
46.44,8.0,524,1,Critical
30.18,63.88,336,0,Warning
25.07,61.22,189,0,Normal
37.84,42.7,459,0,Warning
26.51,21.48,357,0,Warning
54.23,35.17,716,1,Critical
20.71,69.58,181,0,Normal
33.96,39.96,378,0,Warning
26.34,69.95,153,0,Normal
50.22,56.34,375,0,Warning
21.41,59.37,267,0,Normal
38.9,58.0,383,0,Warning
28.22,72.27,328,0,Normal
49.24,24.54,828,1,Critical
26.44,60.04,247,0,Normal
25.16,31.76,78,0,Normal
43.19,42.07,1023,1,Critical
23.82,52.87,20,0,Normal
24.17,50.96,74,0,Normal
25.98,58.06,147,0,Normal
70.99,43.81,804,1,Critical
24.51,49.62,146,1,Normal
43.96,44.26,616,1,Critical
39.26,54.14,455,0,Warning
44.28,55.43,275,0,Warning
26.93,60.03,129,0,Normal
15.0,50.13,400,0,Normal
27.65,58.45,112,0,Normal
22.56,60.94,206,0,Normal
41.1,58.23,510,0,Warning
50.6,39.59,1023,1,Critical
32.31,45.42,424,0,Warning
61.06,34.58,751,1,Critical
52.04,27.06,756,1,Critical
26.59,35.88,203,0,Normal
38.68,38.96,180,0,Warning
25.29,39.13,104,0,Normal
45.97,30.27,885,1,Critical
53.66,28.08,974,1,Critical
40.82,50.56,520,1,Critical
29.96,79.86,221,0,Normal
19.17,54.15,154,0,Normal
51.17,32.1,900,1,Critical
30.76,47.23,210,0,Normal
42.3,40.05,575,0,Warning
48.38,19.57,893,1,Critical
40.66,42.6,451,0,Warning
61.42,34.83,601,1,Critical
50.37,59.83,779,0,Critical
41.85,37.07,816,1,Critical
50.61,33.6,647,1,Critical
23.82,71.91,201,0,Normal
45.03,35.25,737,0,Critical
43.41,30.14,1002,1,Critical
46.79,16.63,929,1,Critical
24.84,65.26,181,0,Normal
40.33,29.67,464,0,Warning
50.87,25.87,664,1,Critical
45.34,30.61,887,1,Critical
22.4,60.46,85,0,Normal
54.43,33.72,1023,0,Critical
52.45,35.29,863,1,Critical
35.58,47.33,458,0,Warning
48.58,37.07,829,1,Critical
32.63,53.55,80,0,Normal
32.22,40.35,442,0,Warning
30.51,53.99,278,0,Normal
38.38,38.82,301,0,Warning
51.32,9.05,677,1,Critical
34.89,46.88,647,0,Warning
56.67,38.91,716,1,Critical
41.89,25.4,473,0,Warning
46.82,20.51,788,1,Critical
41.37,46.31,435,0,Warning
39.79,64.43,411,0,Warning
24.3,45.12,232,0,Normal
27.21,55.91,127,0,Normal
44.63,30.94,1007,0,Critical
58.58,37.66,650,1,Critical
25.0,44.49,394,0,Warning
36.47,34.02,264,0,Warning
59.11,27.09,620,1,Critical
48.19,19.84,471,1,Critical
57.51,21.71,418,0,Critical
58.41,34.35,781,1,Critical
40.07,27.08,1023,0,Critical
24.49,63.0,215,0,Normal
40.02,53.73,494,0,Warning
35.53,35.26,489,1,Critical
32.85,54.39,188,0,Normal
54.74,39.78,797,1,Critical
41.11,36.81,214,0,Warning
60.04,8.0,959,1,Critical
34.27,49.98,586,0,Warning
26.53,71.09,80,0,Normal
26.18,63.82,20,0,Normal
28.5,35.23,109,0,Normal
36.52,57.91,541,0,Warning
39.15,35.0,728,1,Critical
33.45,50.84,291,0,Warning
48.79,32.27,718,1,Critical
29.86,37.02,195,0,Warning
31.0,52.26,128,0,Normal
37.41,48.87,663,0,Warning
18.75,65.91,186,0,Normal
24.49,47.43,171,0,Normal
37.01,28.85,390,0,Warning
47.91,25.69,924,1,Critical
45.54,27.5,730,1,Critical
40.03,19.41,332,1,Warning
48.7,21.06,948,1,Critical
39.12,62.88,401,1,Warning
30.73,48.96,354,0,Warning
28.57,42.89,157,0,Normal
50.89,26.8,744,1,Critical
37.05,49.19,286,0,Warning
15.41,48.67,318,0,Normal
63.39,23.09,777,0,Critical
42.98,64.47,424,1,Warning
44.94,39.62,486,0,Warning
52.32,28.36,769,0,Critical
62.65,42.06,851,0,Critical
40.09,44.8,344,0,Warning
39.96,36.94,431,0,Warning
37.17,20.78,399,0,Warning
34.92,43.59,542,0,Warning
35.69,29.55,378,0,Warning
42.63,20.65,274,0,Warning
37.06,69.57,401,0,Warning
46.88,57.46,274,1,Warning
20.11,69.16,149,0,Normal
41.73,59.24,535,0,Warning
28.8,57.32,224,0,Normal
41.42,46.8,422,0,Warning
38.69,31.37,311,0,Warning
32.41,56.86,237,0,Normal
27.48,65.49,50,0,Normal
24.1,60.69,52,0,Normal
22.43,49.37,157,0,Normal
31.93,31.45,589,0,Warning
28.68,64.87,111,0,Normal
43.43,43.09,585,0,Warning
54.66,42.68,832,1,Critical
37.85,35.11,546,0,Warning
39.64,46.04,338,0,Warning
55.46,36.09,730,1,Critical
30.36,42.56,332,0,Warning
63.65,30.91,809,1,Critical
47.25,45.69,469,0,Warning
51.24,26.67,615,1,Critical
37.07,38.35,285,1,Warning
26.31,81.34,191,0,Normal
46.05,51.38,483,0,Warning
37.34,39.35,460,0,Warning
34.18,63.4,258,0,Normal
36.95,67.6,385,0,Warning
66.93,27.2,1002,1,Critical
57.09,25.19,1023,1,Critical
21.06,52.64,212,0,Normal
29.37,46.02,687,0,Warning
36.77,67.63,275,0,Warning
33.44,54.88,274,0,Warning
32.77,59.58,316,0,Warning
26.76,78.73,85,0,Normal
45.11,21.27,679,1,Critical
37.04,22.45,209,0,Warning
27.63,66.05,28,0,Normal
48.59,40.17,516,0,Warning
29.26,76.54,193,0,Normal
49.79,27.16,859,1,Critical
29.9,65.57,181,0,Normal
50.12,45.98,702,1,Critical
43.15,36.51,709,0,Critical
49.35,57.86,586,0,Warning
57.24,28.74,654,1,Critical
45.02,39.56,447,0,Warning
53.83,41.69,842,1,Critical
56.59,44.24,246,0,Warning
52.16,43.11,813,1,Critical
36.31,81.0,159,0,Normal
45.73,51.67,554,0,Warning
55.18,30.99,1023,1,Critical
63.14,33.3,976,1,Critical
44.76,25.54,521,1,Critical
25.75,54.09,232,0,Normal
28.41,59.13,79,0,Normal
46.29,38.41,969,1,Critical
54.98,48.42,903,1,Critical
58.71,23.31,755,1,Critical
37.19,61.02,532,0,Warning
44.91,41.06,379,0,Warning
47.77,18.06,962,1,Critical
62.63,29.25,949,1,Critical
38.32,25.78,380,0,Warning
28.76,66.88,209,0,Normal
30.13,48.79,227,0,Normal
23.96,41.69,43,0,Normal
51.77,29.89,1023,1,Critical
38.76,53.35,662,0,Warning
35.56,21.1,581,0,Warning
36.75,52.28,417,0,Warning
26.05,45.79,152,0,Normal
61.75,38.13,587,1,Critical
38.17,40.58,407,0,Warning
27.41,36.28,225,0,Normal
44.72,43.37,665,1,Critical
46.05,51.67,329,0,Warning
53.12,16.69,520,1,Critical
41.92,59.53,238,0,Warning
32.23,69.12,549,0,Warning
26.95,71.36,108,0,Normal
58.24,30.94,817,1,Critical
42.75,26.64,655,1,Critical
27.36,48.6,224,0,Normal
21.01,34.47,234,0,Normal
45.25,31.79,636,1,Critical
18.0,61.34,218,0,Normal
44.53,46.3,282,0,Warning
38.0,67.66,270,0,Normal
34.37,47.44,365,0,Warning
38.3,39.43,661,0,Warning
27.09,66.25,233,0,Normal
26.43,74.43,238,0,Normal
30.76,56.93,217,0,Normal
55.74,26.13,809,0,Critical
43.02,48.41,29,0,Normal
21.79,59.62,58,0,Normal
19.48,58.99,42,0,Normal
43.77,27.92,210,0,Warning
31.53,43.96,145,0,Normal
31.03,37.07,502,0,Warning
19.97,63.23,205,0,Normal
22.25,81.09,204,0,Normal
32.83,44.83,715,0,Warning
59.79,32.33,951,1,Critical
37.48,37.47,533,0,Warning
56.43,30.28,871,1,Critical
63.1,40.29,800,1,Critical
37.14,35.72,738,0,Warning
36.07,55.87,32,0,Normal
44.42,21.83,904,0,Critical
34.3,66.02,611,0,Warning
33.65,38.41,694,0,Warning
43.27,27.95,606,1,Critical
24.3,85.6,176,0,Normal
67.55,20.14,568,1,Critical
51.84,41.19,642,1,Critical
45.75,31.78,635,1,Critical
31.92,47.49,180,0,Warning
39.03,45.27,279,0,Warning
49.01,19.01,691,1,Critical
32.27,62.48,512,0,Warning
41.71,40.73,386,0,Warning
54.96,41.44,493,1,Critical
40.46,23.56,516,0,Warning
48.19,21.53,855,1,Critical
22.71,57.38,162,0,Normal
47.91,35.39,622,1,Critical
43.83,46.64,425,0,Warning
25.55,64.65,240,0,Normal
54.03,27.11,701,0,Critical
28.26,45.09,234,0,Normal
25.61,40.7,210,0,Normal
21.31,70.98,55,0,Normal
39.16,43.84,504,0,Warning
43.34,29.98,637,1,Critical
28.43,61.29,238,0,Normal
20.7,49.16,48,0,Normal
30.99,51.48,501,0,Warning
57.68,44.55,731,1,Critical
56.17,39.58,802,1,Critical
40.53,59.0,467,0,Warning
35.63,42.52,407,0,Warning
63.35,23.27,766,0,Critical
51.16,50.56,763,1,Critical
51.51,26.67,1023,1,Critical
38.93,53.52,622,0,Warning
32.45,69.93,216,0,Normal
18.25,59.66,449,0,Normal
26.5,52.08,100,0,Normal
33.01,30.19,474,0,Warning
39.68,61.9,593,0,Warning
39.72,27.6,569,1,Critical
25.23,46.01,210,0,Normal
24.44,50.05,142,0,Normal
29.32,52.08,198,0,Normal
30.46,67.56,160,0,Normal
35.8,36.67,631,0,Warning
24.6,54.48,187,0,Normal
37.12,18.0,282,0,Warning
52.21,16.77,901,1,Critical
52.68,21.82,759,1,Critical
39.41,32.27,288,0,Warning
52.35,36.16,764,1,Critical
43.49,21.05,272,0,Warning
30.6,32.81,295,0,Warning
33.16,51.45,608,0,Warning
36.28,42.98,635,0,Warning
37.0,18.08,430,0,Warning
61.72,30.63,885,1,Critical
41.54,39.07,441,0,Warning
32.75,62.79,775,0,Warning
26.23,66.71,181,0,Normal
55.99,21.35,732,1,Critical
37.7,47.57,248,0,Warning
40.06,29.98,707,1,Critical
43.23,35.96,690,0,Warning
28.09,70.59,157,0,Normal
44.27,28.5,648,0,Critical
20.54,57.6,199,0,Normal
62.23,39.26,795,1,Critical
34.05,44.55,197,0,Warning
31.73,62.22,372,0,Warning
28.92,47.09,41,0,Normal
29.77,58.55,261,0,Warning
42.23,52.63,414,1,Warning
20.86,60.42,286,0,Normal
56.98,18.47,878,1,Critical
32.0,51.08,221,0,Normal
37.95,74.71,358,0,Warning
56.53,17.84,781,1,Critical
53.44,32.7,901,1,Critical
52.55,43.75,916,1,Critical
52.6,28.85,594,1,Critical
42.52,9.59,918,1,Critical
36.87,28.06,637,0,Warning
45.41,35.07,733,1,Critical
38.73,53.85,735,0,Warning
51.82,33.34,836,1,Critical
36.9,60.0,342,0,Warning
60.15,22.45,979,1,Critical
30.35,59.11,157,0,Normal
36.24,54.79,438,1,Warning
37.32,18.72,244,0,Warning
36.95,51.98,316,0,Warning
64.2,29.04,744,1,Critical
55.56,18.8,763,1,Critical
61.55,8.0,759,1,Critical
22.7,67.83,246,0,Normal
45.13,48.01,545,0,Warning
43.39,46.91,527,0,Warning
25.36,58.16,200,0,Normal
29.97,43.48,128,0,Normal
37.07,56.51,335,0,Warning
42.47,29.38,666,0,Warning
47.2,20.72,931,1,Critical
23.81,68.95,218,0,Normal
26.11,38.41,538,0,Warning
52.61,25.55,723,1,Critical
39.23,35.6,375,0,Warning
37.38,51.73,329,1,Warning
34.78,40.95,534,0,Warning
28.11,65.0,250,0,Normal
24.38,65.24,244,0,Normal
38.0,70.23,170,1,Normal
37.04,31.77,386,0,Warning
55.69,42.95,894,1,Critical
52.4,13.45,912,1,Critical
33.92,61.32,154,0,Normal
30.95,64.68,422,0,Warning
21.73,75.75,215,0,Normal
22.31,50.61,175,1,Normal
21.19,47.77,142,0,Normal
59.46,21.1,827,0,Critical
31.93,45.11,448,0,Warning
37.53,53.51,321,0,Warning
20.75,51.8,247,0,Normal
56.54,19.18,1007,1,Critical
34.4,45.43,365,0,Warning
62.15,42.27,1023,1,Critical
35.99,43.15,347,0,Warning
51.05,41.63,838,1,Critical
30.85,62.95,266,0,Normal
45.09,50.63,526,0,Warning
35.18,42.91,385,0,Warning
36.97,60.71,413,0,Warning
29.08,41.12,130,0,Normal
20.59,43.3,214,0,Normal
52.36,34.59,780,1,Critical
40.09,27.04,524,0,Warning
26.93,64.6,97,0,Normal
68.91,19.0,602,1,Critical
40.62,39.71,695,0,Critical
66.53,29.14,791,1,Critical
22.66,70.29,211,0,Normal
36.43,66.11,441,0,Warning
44.08,65.85,482,0,Warning
31.83,54.21,432,0,Warning
47.73,13.75,734,1,Critical
31.24,49.57,123,0,Normal
37.96,23.07,562,0,Warning
23.59,69.86,239,0,Normal
32.83,34.25,548,0,Warning
39.78,49.63,379,0,Warning
30.11,34.94,139,0,Normal
56.78,43.42,703,1,Critical
26.39,68.47,188,0,Normal
40.98,63.5,395,0,Warning
26.34,83.9,293,0,Normal
50.33,25.22,1010,1,Critical
43.25,56.43,404,0,Warning
60.39,23.39,1023,1,Critical
38.07,35.58,999,1,Critical
33.15,34.83,335,0,Warning
23.85,52.53,89,0,Normal
41.27,54.11,750,0,Warning
61.9,27.33,867,1,Critical
57.81,21.76,659,1,Critical
29.76,52.95,209,0,Normal
27.9,52.1,172,0,Normal
41.29,45.14,383,0,Warning
28.08,42.0,174,1,Normal
48.75,69.97,479,1,Warning
35.82,29.05,403,0,Warning
23.15,43.3,0,0,Normal
28.39,68.16,254,0,Normal
35.93,71.04,661,0,Warning
41.62,57.52,398,0,Warning
50.31,28.6,715,1,Critical
29.41,60.05,168,0,Normal
55.69,31.23,797,1,Critical
53.25,36.14,693,1,Critical
54.59,29.46,995,1,Critical
30.1,50.27,244,0,Normal
57.64,30.5,1023,1,Critical
30.87,79.97,158,0,Normal
53.47,37.53,970,1,Critical
53.27,37.42,1023,1,Critical
40.05,27.62,332,0,Warning
31.08,40.01,597,0,Warning
49.08,18.51,781,1,Critical
43.46,63.03,563,0,Warning
47.3,30.99,1023,1,Critical
38.13,60.73,366,0,Warning
26.11,57.52,38,0,Normal
26.07,48.13,145,0,Normal
18.53,67.78,280,0,Normal
51.33,8.0,813,1,Critical
28.24,70.3,186,0,Normal
18.0,68.73,190,0,Normal
18.0,45.07,156,0,Normal
54.82,33.81,796,1,Critical
46.55,18.0,606,0,Warning
42.72,73.92,376,0,Warning
41.43,65.08,454,0,Warning
15.0,46.79,0,0,Normal
25.75,58.55,130,0,Normal
27.64,48.29,143,0,Normal
65.65,21.72,992,1,Critical
55.17,13.51,626,1,Critical
63.09,25.33,870,1,Critical
44.12,8.0,813,1,Critical
54.86,50.65,813,0,Critical
50.2,53.86,555,1,Critical
43.24,42.92,511,1,Critical
26.95,54.72,138,0,Normal
48.09,31.7,662,1,Critical
31.16,25.2,373,0,Warning
40.59,38.3,526,0,Warning
36.51,47.57,836,1,Warning
38.08,42.53,400,1,Critical
34.81,42.66,533,0,Warning
37.84,29.07,364,0,Warning
27.44,66.11,156,0,Normal
27.92,77.53,133,0,Normal
37.7,27.29,1023,0,Critical
20.76,64.09,186,0,Normal
38.39,37.82,409,1,Warning
21.02,90.0,122,0,Normal
51.16,29.39,822,1,Critical
39.75,69.53,463,0,Warning
28.35,44.34,176,0,Normal
59.99,8.85,717,1,Critical
28.91,37.38,444,0,Warning
30.23,50.48,535,0,Warning
25.96,61.85,102,0,Normal
18.0,57.98,129,0,Normal
37.78,49.62,683,1,Warning
38.21,60.38,403,0,Warning
31.03,53.92,91,0,Normal
27.95,51.42,250,0,Normal
38.78,33.72,750,1,Warning
41.56,43.84,673,0,Warning
28.76,36.19,348,0,Warning
22.35,49.79,129,0,Normal
50.57,43.27,562,0,Critical
29.19,65.06,118,0,Normal
27.01,45.63,312,0,Normal
44.54,33.28,252,0,Warning
35.3,46.3,531,0,Warning
33.09,31.18,355,0,Warning
25.17,42.83,185,0,Normal
25.0,53.6,535,0,Warning
35.83,63.92,401,0,Normal
34.59,51.48,487,0,Warning
47.86,55.35,689,1,Critical
36.07,18.0,505,1,Warning
54.74,31.97,781,1,Critical
31.51,18.0,388,0,Warning
28.07,34.57,163,0,Normal
50.9,33.55,551,1,Critical
43.39,52.85,491,0,Warning
29.74,66.21,173,0,Normal
40.6,33.16,254,0,Warning
52.04,50.64,561,0,Warning
41.98,26.68,703,0,Critical
58.7,39.26,474,1,Critical
27.55,61.27,199,0,Normal
39.38,25.94,852,1,Critical
50.76,42.42,717,0,Critical
28.51,43.25,181,0,Normal
61.98,36.14,682,1,Critical
25.31,59.66,123,1,Normal
52.46,34.9,722,1,Critical
37.09,64.32,327,1,Warning
33.26,40.58,511,0,Warning
52.7,39.65,911,1,Critical
43.97,33.1,400,1,Critical
62.49,25.25,929,1,Critical
48.25,43.32,1023,1,Critical
52.13,34.55,500,1,Critical
37.77,61.88,450,0,Warning
26.12,68.91,273,0,Normal
61.03,34.02,843,1,Critical
24.0,52.61,133,0,Normal
35.01,26.18,487,0,Warning
43.58,45.67,498,0,Warning
34.78,49.91,459,0,Warning
59.45,34.99,859,1,Critical
28.4,33.34,267,0,Normal
35.11,29.42,477,1,Warning
44.08,27.84,884,1,Critical
22.44,44.08,131,1,Normal
24.29,47.02,55,0,Normal
44.24,18.0,445,0,Warning
24.14,64.78,156,0,Normal
27.12,67.19,214,0,Normal
34.9,32.45,292,0,Warning
54.48,37.43,590,1,Critical
29.86,61.32,125,0,Normal
27.29,59.15,140,0,Normal
32.31,70.27,133,0,Normal
35.53,51.95,389,0,Warning
31.53,52.06,112,0,Normal
51.61,39.01,644,0,Critical
61.15,21.99,862,0,Critical
41.15,46.21,417,0,Warning
54.6,25.33,955,1,Critical
40.78,59.43,498,0,Warning
35.2,35.67,51,0,Normal
42.68,40.51,180,0,Warning
56.06,14.85,651,1,Critical
56.84,27.42,829,0,Critical
41.65,28.58,853,1,Critical
34.18,56.02,434,0,Warning
54.82,26.86,776,1,Critical
22.71,52.45,176,0,Normal
59.53,34.2,935,1,Critical
58.76,46.26,567,0,Critical
32.31,38.93,621,0,Warning
52.38,38.66,736,1,Critical
37.61,64.55,123,0,Normal
34.03,50.03,469,0,Warning
50.94,44.57,903,0,Critical
52.7,30.36,944,1,Critical
36.8,38.91,359,0,Warning
25.04,64.66,209,1,Normal
52.64,24.29,800,1,Critical
31.2,73.94,248,0,Normal
45.13,39.91,586,1,Critical
22.13,63.21,190,0,Normal
35.96,49.85,421,0,Warning
38.64,36.58,186,0,Warning
30.66,51.2,133,0,Normal
22.92,69.95,219,0,Normal
44.15,40.28,520,1,Warning
23.68,52.7,189,0,Normal
32.43,51.54,290,0,Warning
50.78,24.2,796,0,Critical
36.24,53.16,629,0,Warning
53.44,46.75,593,1,Critical
38.21,41.42,573,0,Warning
48.82,31.27,825,1,Critical
47.61,29.17,780,1,Critical
31.34,69.27,205,0,Normal
41.76,62.46,560,0,Warning
33.62,43.08,545,0,Warning
29.54,32.47,302,1,Warning
44.87,20.8,887,0,Critical
31.87,42.99,409,0,Warning
44.2,58.09,593,0,Warning
31.09,56.63,251,0,Warning
56.62,26.73,934,0,Critical
45.97,17.63,633,1,Critical
54.0,29.05,728,0,Critical
35.53,25.8,544,0,Warning
69.01,34.89,745,0,Critical
31.32,58.34,419,0,Warning
58.49,36.63,733,1,Critical
37.21,49.96,600,0,Warning
46.52,43.09,328,0,Warning
18.0,49.06,20,0,Normal
27.44,70.79,145,0,Normal
53.81,20.09,764,1,Critical
44.65,34.56,770,1,Critical
58.81,30.43,908,1,Critical
38.66,33.48,733,1,Critical
23.44,59.81,101,0,Normal
31.12,52.84,416,0,Warning
27.4,53.52,173,0,Normal
26.4,56.0,115,0,Normal
31.77,57.58,184,0,Normal
25.0,63.45,113,0,Normal
38.81,41.33,469,0,Warning
27.74,67.36,184,0,Normal
37.2,64.56,348,0,Warning
27.93,46.2,61,0,Normal
31.01,53.74,89,0,Normal
55.91,34.76,734,1,Critical
59.94,31.37,761,1,Critical
20.32,31.69,0,0,Normal
26.04,71.31,234,0,Normal
57.87,33.18,598,0,Critical
46.29,30.69,644,1,Critical
25.86,25.0,102,0,Normal
32.49,30.86,901,1,Critical
52.96,44.12,901,1,Critical
61.74,36.22,587,1,Critical
32.92,55.84,147,0,Normal
26.95,67.45,183,0,Normal
19.2,38.82,99,0,Normal
28.68,44.95,483,0,Warning
41.09,55.82,383,0,Warning
30.28,28.8,218,0,Warning
43.45,50.73,425,1,Warning
55.46,34.25,788,1,Critical
33.45,59.0,416,0,Warning
31.08,51.58,212,0,Normal
40.04,37.34,538,0,Warning
27.76,48.33,102,0,Normal
57.18,19.53,535,1,Critical
41.41,30.32,729,0,Critical
51.25,19.11,685,1,Critical
27.12,55.42,152,0,Normal
34.37,44.29,390,0,Warning
41.25,46.57,750,0,Warning
36.54,46.05,131,0,Normal
23.72,65.97,212,0,Normal
32.97,28.02,409,0,Warning
56.84,33.86,805,1,Critical
56.27,33.44,744,1,Critical
45.32,31.84,514,0,Warning
57.34,32.25,876,1,Critical
46.35,24.25,1023,1,Critical
34.29,21.4,231,0,Warning
32.62,46.83,149,0,Normal
39.2,32.11,530,0,Warning
47.6,28.88,616,0,Warning
31.59,70.97,103,0,Normal
38.67,44.9,385,0,Warning
41.15,37.65,975,1,Critical
39.73,51.96,160,0,Warning
27.05,53.16,127,0,Normal
34.07,17.17,652,0,Critical
29.05,57.89,174,1,Normal
36.98,37.51,379,0,Warning
26.78,67.23,187,0,Normal
32.54,53.78,355,0,Warning
40.76,52.54,432,1,Warning
34.29,50.56,502,0,Warning
52.21,28.04,868,1,Critical
68.31,16.91,781,1,Critical
40.52,32.68,453,0,Warning
44.36,21.17,490,0,Warning
22.79,57.53,0,0,Normal
40.59,31.69,485,0,Warning
38.47,29.28,386,0,Warning
22.24,35.77,74,0,Normal
57.4,36.02,728,1,Critical
36.93,59.03,463,0,Warning
52.11,31.91,765,0,Critical
46.68,64.13,589,0,Warning
28.85,51.84,178,0,Normal
38.51,52.36,411,0,Warning
33.89,70.52,111,0,Normal
27.02,78.71,247,0,Normal
26.2,71.43,225,0,Normal
65.17,30.46,636,1,Critical
30.05,68.9,189,0,Normal
46.94,33.73,821,0,Critical
20.86,52.83,83,0,Normal
73.13,24.48,844,1,Critical
63.57,39.04,874,1,Critical
26.39,55.97,93,0,Normal
30.49,51.81,419,0,Warning
42.28,40.33,783,1,Critical
26.69,46.67,296,0,Normal
26.13,52.15,433,0,Warning
31.74,47.45,428,0,Warning
20.68,52.18,0,0,Normal
28.48,72.74,185,0,Normal
48.7,58.52,577,0,Warning
67.55,26.42,859,1,Critical
28.25,60.61,50,0,Normal
30.67,41.39,529,0,Warning
52.41,54.02,549,1,Critical
28.63,74.24,276,0,Normal
27.91,44.36,118,0,Normal
42.24,29.38,847,1,Critical
43.87,51.18,446,0,Warning
27.2,61.33,77,0,Normal
46.46,31.87,891,1,Critical
38.48,37.71,597,0,Warning
23.56,57.1,81,0,Normal
53.3,30.34,656,1,Critical
49.7,49.97,839,0,Critical
24.15,49.8,170,0,Normal
44.89,28.95,555,0,Critical
34.06,41.16,681,0,Warning
54.86,31.68,646,0,Critical
48.99,49.1,532,1,Critical
67.35,32.26,730,1,Critical
22.22,61.64,128,0,Normal
26.32,56.61,225,0,Normal
54.13,22.25,892,0,Critical
27.21,49.82,203,0,Normal
49.2,17.2,416,1,Critical
23.14,76.71,288,1,Normal
39.6,37.28,969,1,Critical
25.06,60.54,147,0,Normal
45.12,39.2,565,1,Critical
41.3,40.84,545,0,Warning
45.56,53.75,301,0,Warning
46.75,47.78,904,1,Critical
62.72,37.41,843,1,Critical
35.61,54.03,353,0,Warning
47.01,50.04,616,0,Warning
28.6,56.27,154,0,Normal
31.93,40.62,315,0,Warning
41.38,49.18,653,0,Warning
23.05,44.88,195,0,Normal
49.3,35.28,719,1,Critical
56.14,24.66,696,0,Critical
28.16,77.39,182,0,Normal
26.29,68.36,52,0,Normal
53.54,20.04,815,1,Critical
54.1,15.92,704,1,Critical
40.13,37.07,676,1,Critical
42.1,18.0,565,0,Warning
37.39,24.66,750,0,Warning
60.4,17.55,597,1,Critical
29.79,61.59,212,0,Normal
38.2,48.14,512,0,Warning
36.39,48.78,601,1,Warning
44.8,53.83,520,0,Warning
30.73,41.08,428,1,Warning
67.6,38.0,986,1,Critical
44.38,73.03,506,0,Warning
46.67,43.45,458,0,Critical
65.5,35.77,549,1,Critical
36.96,54.01,499,1,Warning
48.97,28.61,550,1,Critical
52.0,49.64,518,1,Critical
24.52,63.36,254,0,Normal
27.93,66.79,148,0,Normal
46.5,25.46,769,1,Critical
49.36,24.83,829,1,Critical
35.73,59.31,297,0,Warning
55.07,35.12,682,1,Critical
48.73,36.7,874,1,Critical
34.75,50.81,482,0,Warning
60.1,23.33,345,0,Warning
35.31,39.68,434,0,Warning
23.59,65.21,175,0,Normal
39.92,53.58,440,1,Warning
45.47,18.0,449,0,Warning
37.76,32.67,462,0,Warning
37.49,42.18,545,0,Warning
24.55,57.91,143,0,Normal
33.85,28.93,416,1,Warning
30.84,59.67,200,0,Normal
37.81,40.03,631,0,Warning
25.7,31.37,128,1,Normal
37.92,41.36,665,1,Warning
40.23,39.5,585,0,Warning
57.71,33.93,823,1,Critical
56.75,44.89,754,1,Critical
25.46,58.09,177,0,Normal
40.88,45.92,603,0,Warning
20.26,25.0,117,0,Normal
52.59,20.54,448,1,Critical
36.88,47.95,505,0,Warning
25.42,61.48,166,0,Normal
30.62,77.42,363,0,Warning
35.76,39.99,531,0,Warning
62.44,20.39,1023,1,Critical
27.33,59.23,222,0,Normal
52.25,31.32,864,1,Critical
47.85,21.25,797,0,Critical
44.34,32.49,596,0,Warning
27.36,60.83,250,0,Normal
60.7,31.9,859,1,Critical
32.57,35.91,500,0,Warning
37.36,36.31,499,0,Warning
50.22,35.7,644,0,Warning
47.81,32.95,775,1,Critical
28.11,79.39,125,0,Normal
53.71,27.25,968,1,Critical
49.06,35.16,872,1,Critical
30.53,50.26,536,0,Warning
23.34,75.76,224,0,Normal
49.14,44.19,578,1,Critical
39.59,38.37,515,0,Warning
62.96,42.58,651,1,Critical
19.94,69.71,167,0,Normal
36.76,38.03,931,1,Critical
53.31,41.82,583,1,Critical
25.24,60.21,209,0,Normal
54.76,41.77,820,0,Critical
34.21,47.46,550,0,Warning
62.75,16.72,815,1,Critical
38.97,54.1,513,0,Warning
47.83,33.4,897,1,Critical
51.84,27.38,544,1,Critical
43.54,37.58,942,0,Critical
42.76,45.21,604,0,Warning
25.63,47.17,162,0,Normal
50.54,52.15,748,1,Critical
51.92,41.51,913,1,Critical
58.1,22.79,973,1,Critical
64.91,33.99,912,1,Critical
29.59,64.05,72,0,Normal
18.94,72.03,20,0,Normal
39.53,44.96,588,0,Warning
54.51,26.31,827,0,Critical
23.01,50.99,294,0,Normal
32.64,39.83,530,0,Warning
40.87,51.83,593,0,Warning
36.61,53.21,607,0,Warning
29.47,42.38,218,1,Normal
34.19,58.23,239,0,Normal
50.13,31.2,794,1,Critical
57.8,36.94,528,1,Critical
59.13,40.72,803,1,Critical
44.87,53.81,434,0,Warning
33.75,43.91,514,0,Warning
27.95,52.11,112,0,Normal
39.35,64.08,673,0,Warning
37.9,42.21,518,0,Warning
41.67,25.31,556,1,Warning
36.29,47.17,315,1,Warning
37.31,37.97,554,0,Warning
28.78,47.14,111,0,Normal
53.07,26.69,696,1,Critical
40.08,51.17,398,0,Warning
35.73,39.72,513,0,Warning
35.98,45.33,254,0,Warning
53.69,17.14,692,0,Critical
23.94,63.82,314,0,Normal
25.66,49.96,491,0,Warning
27.34,71.78,57,0,Normal
30.11,47.09,224,0,Normal
23.63,43.67,193,0,Normal
62.28,28.35,811,1,Critical
28.12,38.54,284,0,Normal
50.95,43.32,989,1,Critical
24.12,50.61,223,0,Normal
26.98,69.45,152,0,Normal
61.66,42.76,890,1,Critical
40.28,35.37,201,0,Warning
27.1,66.9,338,0,Normal
45.45,34.65,442,0,Warning
30.4,40.41,591,0,Warning
32.15,52.8,104,0,Normal
58.28,22.81,673,1,Critical
25.0,39.84,480,0,Warning
51.57,41.36,963,1,Critical
45.61,23.9,377,0,Warning
46.65,27.25,793,1,Critical
28.35,66.14,215,0,Normal
40.78,61.13,353,0,Warning
32.39,34.65,429,0,Warning
54.55,19.98,727,1,Critical
60.03,30.91,596,1,Critical
42.11,30.75,858,0,Critical
27.22,50.77,284,0,Normal
22.58,64.66,38,0,Normal
28.58,38.63,334,0,Warning
35.2,39.52,349,0,Warning
40.16,55.52,464,1,Warning
29.84,57.63,41,0,Normal
53.84,35.37,899,1,Critical
45.39,44.68,355,0,Warning
25.86,49.07,244,0,Normal
25.17,65.93,186,0,Normal
48.34,25.24,664,1,Critical
53.16,39.15,921,1,Critical
28.85,21.12,736,0,Critical
32.28,36.68,287,0,Normal
26.59,52.15,222,0,Normal
23.51,41.14,350,0,Normal
27.21,49.72,165,0,Normal
27.09,58.29,148,0,Normal
42.68,24.47,760,1,Critical
56.83,29.57,683,1,Critical
54.47,28.64,821,1,Critical
54.78,51.76,838,1,Critical
28.41,53.83,47,0,Normal
35.81,38.33,526,0,Warning
50.71,24.72,561,1,Critical
24.1,47.49,177,0,Normal
53.08,34.58,682,0,Critical
24.73,50.56,59,0,Normal
32.0,23.61,646,1,Critical
39.33,50.63,557,0,Warning
49.39,39.58,996,1,Critical
28.26,73.44,124,0,Normal
42.58,37.94,513,0,Warning
52.71,24.8,809,1,Critical
20.52,41.14,253,0,Normal
49.64,23.37,444,0,Warning
41.56,51.26,507,0,Warning
29.46,52.08,203,0,Normal
54.1,19.2,972,1,Critical
27.81,46.34,182,0,Normal
42.85,59.29,364,0,Warning
25.44,62.47,179,0,Normal
30.45,56.8,173,0,Normal
34.74,18.47,426,0,Warning
37.68,51.37,350,0,Warning
43.41,47.26,430,0,Warning
26.62,52.36,38,0,Normal
34.69,61.76,467,0,Warning
37.15,49.4,550,0,Warning
29.06,55.43,210,0,Normal
37.55,68.82,334,0,Warning
37.05,58.28,456,0,Warning
29.46,58.67,205,0,Normal
55.53,28.54,464,1,Critical
50.77,45.66,769,1,Critical
37.03,46.07,552,0,Warning
18.46,70.7,230,0,Normal
29.65,48.94,183,0,Normal
31.54,38.53,306,0,Warning
61.74,35.04,770,1,Critical
37.01,18.0,376,0,Warning
39.28,39.76,345,0,Warning
33.6,55.98,61,0,Normal
42.42,46.5,543,0,Warning
22.83,46.37,20,0,Normal
36.88,36.82,622,0,Warning
33.55,40.07,381,0,Warning
39.5,57.09,272,0,Warning
28.73,67.0,273,0,Normal
29.48,54.01,173,0,Normal
36.83,56.39,312,0,Warning
43.18,33.86,849,1,Critical
53.3,27.99,853,1,Critical
26.68,29.73,369,0,Critical
64.03,22.94,790,1,Critical
26.96,75.17,158,0,Normal
39.02,50.42,589,0,Warning
28.71,40.55,441,0,Warning
33.73,46.2,319,0,Normal
41.51,28.04,193,0,Warning
25.44,56.22,217,0,Normal
35.19,35.82,541,0,Warning
30.39,23.1,340,0,Warning
50.33,28.84,548,1,Critical
53.4,17.97,552,1,Critical
25.83,61.89,156,0,Normal
25.0,42.39,347,0,Warning
50.75,29.54,826,1,Critical
23.07,53.54,276,0,Normal

